date,net_return,equity_curve
2008-07-01,0.0,100000.0
2008-07-02,-0.005224028052861707,99477.59719471383
2008-07-03,-0.0011346051212446362,99364.7294034876
2008-07-07,-0.005403503290124401,98827.81176123353
2008-07-08,0.008505145757406574,99668.35670514837
2008-07-09,-0.011291842984789913,98542.9172706818
2008-07-10,0.00913195890208729,99442.80714128946
2008-07-11,-0.004534933398090857,98991.84063398452
2008-07-14,-0.002452352523248047,98749.0777438248
2008-07-15,-0.008211936602998793,97938.15657778792
2008-07-16,0.007316542388905223,98654.72525188053
2008-07-17,0.0004518639823130055,98699.30376890684
2008-07-18,-0.0020086148757550992,98501.05487912995
2008-07-21,0.005172639608693741,99010.56533709585
2008-07-22,0.0004900558566152124,99059.08604450607
2008-07-23,-0.0010673914238321647,98953.35122560951
2008-07-24,-0.011287797917495235,97836.3857937159
2008-07-25,-0.0002214710576744494,97814.71786587512
2008-07-28,-0.00405353220298077,97418.22275708032
2008-07-29,0.010838401385253826,98474.08055755963
2008-07-30,0.002565798327300195,98726.74518873665
2008-07-31,-0.003583933029285835,98372.91514578085
2008-08-01,-0.003925486110623155,97986.75363371457
2008-08-04,-0.01116049062988056,96893.17338793309
2008-08-05,0.007271863098522013,97597.7672799915
2008-08-06,0.0016617598424690794,97759.95133037205
2008-08-07,-0.0058851759837615925,97184.61681262884
2008-08-08,0.003386691013901544,97513.75108107764
2008-08-11,-0.00160907634590568,97356.84401081255
2008-08-12,-0.0044278295292276,96925.76450202907
2008-08-13,-0.0009946889253873437,96829.3535174942
2008-08-14,0.0020991590801420212,97032.61373415473
2008-08-15,-0.0024865494510781794,96791.33734173738
2008-08-18,-0.002842309548992783,96516.22639935117
2008-08-19,-0.003771920206504298,96152.17489473992
2008-08-20,0.004752701643872426,96609.15749442406
2008-08-21,0.0024674250256113694,96847.53334732904
2008-08-22,0.0017635903301289613,97018.33272063723
2008-08-25,-0.007100015168107321,96329.50108673623
2008-08-26,0.0034586004745917887,96662.666344912
2008-08-27,0.005724622624324827,97216.02363159765
2008-08-28,0.005234128901596691,97724.8648305861
2008-08-29,-0.004849437997548445,97250.95415777137
2008-09-02,-0.00619681120466975,96648.30835538167
2008-09-03,-0.00022957848344129506,96626.11998332228
2008-09-04,-0.01383606018577721,95289.1951717149
2008-09-05,0.0010800208585530768,95392.10949009508
2008-09-08,0.010927074575705964,96434.46618442726
2008-09-09,-0.018820779041061164,94619.49440442747
2008-09-10,0.00011474567248725975,94630.35158194331
2008-09-11,-0.0010179217914464411,94534.02528493581
2008-09-12,0.0030686598246252306,94824.1180503878
2008-09-15,-0.019221799581936927,93001.42785768931
2008-09-16,-0.0008716954704700575,92920.35893427851
2008-09-17,-0.013615238618136405,91655.22607490543
2008-09-18,0.0184649614617578,93347.63629214725
2008-09-19,0.026884472300298556,95857.23823434183
2008-09-22,-0.01702552611972097,94225.21832101872
2008-09-23,-0.008080597902213493,93463.82221951829
2008-09-24,-0.0001451295835445121,93450.25785392309
2008-09-25,0.01022539763928032,94405.82389997273
2008-09-26,-0.0032574698522320755,94098.29977474344
2008-09-29,-0.04160549801193103,90183.29315053926
2008-09-30,0.027857412460756015,92695.5663449031
2008-10-01,0.0003787281544123111,92730.6727656671
2008-10-02,-0.028755479181365007,90064.15783547999
2008-10-03,-0.008882200630435544,89264.18991597404
2008-10-06,-0.016492406448575858,87792.00861457693
2008-10-07,-0.01744903619365501,86260.1226787475
2008-10-08,-0.006158916714972151,85728.85376734582
2008-10-09,-0.03087957970044286,83081.58279480945
2008-10-10,-0.015589434550281611,81786.38789749597
2008-10-13,0.05147359406550711,85996.22722821578
2008-10-14,-0.017902633876674345,84456.66825737373
2008-10-15,-0.040886394225565614,81003.53962402494
2008-10-16,0.010975674613300734,81892.60811746385
2008-10-17,-0.008134450168624463,81226.45677755366
2008-10-20,0.024552099427848084,83220.73682052796
2008-10-21,-0.016700594237550215,81830.90106273837
2008-10-22,-0.02903712084213783,79454.7672999586
2008-10-23,0.002098817537664166,79621.52835901879
2008-10-24,-0.019113222914621586,78099.70433869
2008-10-27,-0.014211716382334427,76989.77349108437
2008-10-28,0.04184960796480852,80211.76532898567
2008-10-29,-0.0022379544524271378,80032.25505163062
2008-10-30,0.010915962353110764,80905.88413480879
2008-10-31,0.004524432837951675,81271.93737377183
2008-11-03,-0.001879427554581814,81119.19265525731
2008-11-04,0.030394640021313313,83584.78131483342
2008-11-05,-0.0271598527021375,81314.63096618217
2008-11-06,-0.01990102159067364,79696.38673968652
2008-11-07,0.01560138481863671,80939.76073786727
2008-11-10,-0.006416209674177553,80420.43426199535
2008-11-11,-0.010672487028093536,79562.14822054056
2008-11-12,-0.02122132748425154,77873.73381780191
2008-11-13,0.025147276468675983,79832.04613176626
2008-11-14,-0.018338162029420513,78368.07313466175
2008-11-17,-0.006693482574365972,77843.51780274826
2008-11-18,0.0023874618593180408,78029.36623249747
2008-11-19,-0.020558333078711688,76425.212531569
2008-11-20,-0.010735656125880011,75604.73773048278
2008-11-21,0.026944172998925042,77641.84486343127
2008-11-24,0.0226610548695223,79401.29097005242
2008-11-25,0.004903341548251561,79790.62261905069
2008-11-26,0.015736534829064786,81046.25053092814
2008-11-28,-0.0008142160002813092,80980.26137698305
2008-12-01,-0.031607216491669865,78420.70072408873
2008-12-02,0.021595171169702443,80114.20917947344
2008-12-03,0.007009326250959846,80675.75580895002
2008-12-04,-0.00911636525988302,79940.2861513785
2008-12-05,0.007054467281393251,80504.22228449862
2008-12-08,0.01977089161924761,82095.86253817726
2008-12-09,-0.005473841162609516,81646.48282653585
2008-12-10,0.017625712807809446,83085.56028460411
2008-12-11,-0.013544764616977512,81960.18592747946
2008-12-12,0.011683435747046333,82917.76249357914
2008-12-15,-0.00407884472533937,82579.55381539527
2008-12-16,0.030419209091650856,85091.55852960101
2008-12-17,0.004633152442853117,85485.80069186862
2008-12-18,-0.005479029749695052,85017.42144670137
2008-12-19,0.0016645572697537858,85158.9378136262
2008-12-22,-0.0075867351588384535,84512.85950602622
2008-12-23,-0.003190536834849822,84243.21811475375
2008-12-24,0.0027867637956096036,84477.98406502159
2008-12-26,0.006001646052113285,84984.99102457592
2008-12-29,-0.0019323362271259636,84820.77144765716
2008-12-30,0.010617382600168757,85721.3460305584
2008-12-31,0.0059207658425837195,86228.88204811643
2009-01-02,-1.805651015907017e-05,86227.32505543172
2009-01-05,-0.005282602333174458,85771.8203869105
2009-01-06,0.007351395327031884,86402.36294649386
2009-01-07,-0.01773793502524479,84869.76344652133
2009-01-08,0.0028288416265258576,85109.84656619225
2009-01-09,-0.006754079959445658,84535.00785714804
2009-01-12,-0.014982218278040027,83268.48591729642
2009-01-13,0.003573170077091792,83566.01837954084
2009-01-14,-0.011308832785465017,82620.98425113951
2009-01-15,0.004616616339255586,83002.4136369987
2009-01-16,0.002692518891960205,83225.8992037946
2009-01-20,-0.019644157098308912,81590.99656518723
2009-01-21,0.008293855757978585,82267.70052184863
2009-01-22,-0.013277792779799014,81175.36704184896
2009-01-23,0.008415910093745094,81858.53163269992
2009-01-26,-0.0016639502257668193,81722.32311050875
2009-01-27,0.008447129074101278,82412.64212205862
2009-01-28,0.010891400126975093,83310.23118293117
2009-01-29,-0.018713766331574067,81751.18298354438
2009-01-30,-0.0023175151082771572,81561.72338186049
2009-02-02,-0.0012968692086262612,81455.94849420406
2009-02-03,-0.003572472118466563,81164.94938932527
2009-02-04,-0.0004789588539385603,81126.07471818577
2009-02-05,0.004485274285740637,81489.94741502233
2009-02-06,0.009736435417494027,82283.36902520368
2009-02-09,-0.0017544492243626308,82139.00703223946
2009-02-10,-0.00894207014655457,81404.51426958884
2009-02-11,0.010396930822609285,82250.87137309786
2009-02-12,-0.0011782412768955863,82153.96000138545
2009-02-13,-0.013174071421556466,81071.6578647635
2009-02-17,-0.004695214361196021,80691.0090524709
2009-02-18,-0.0004650582602595543,80653.48303218237
2009-02-19,-0.009320714310334988,79901.73495870594
2009-02-20,0.0014436781890048156,80017.08735072947
2009-02-23,-0.009342254408618356,79269.54736366232
2009-02-24,0.008369852421372004,79933.02177660514
2009-02-25,-0.009010031422127751,79212.8227387323
2009-02-26,-0.007072745565478433,78652.5705979779
2009-02-27,-0.006064159919131895,78175.60883182095
2009-03-02,-0.01402155973046404,77079.46486312019
2009-03-03,-0.0025781778165555602,76880.74029669812
2009-03-04,0.00761380210868734,77466.09503928656
2009-03-05,-0.0015250441953148508,77347.95582071319
2009-03-06,-9.58572593912077e-05,77340.54145764871
2009-03-09,-0.008721958178896871,76665.98048952185
2009-03-10,0.01367366772171974,77714.28563229543
2009-03-11,0.000666321779346335,77766.06835337858
2009-03-12,0.016767149894616917,79069.9836781747
2009-03-13,0.0003656900720008238,79098.89878619908
2009-03-16,-0.006880129901317589,78554.68808749886
2009-03-17,0.008176866569071572,79197.01929036537
2009-03-18,0.021084624737181645,80866.85872240606
2009-03-19,-0.003936460056224944,80548.52956317292
2009-03-20,-0.009451082856286708,79787.25873631932
2009-03-23,0.022150617060328504,81554.59575088088
2009-03-24,-0.01155547769908416,80612.19343842375
2009-03-25,-7.608914428303137e-05,80606.05972560625
2009-03-26,0.010263498905940471,81433.35993141218
2009-03-27,-0.008176501632484623,80767.51993099428
2009-03-30,-0.013196099953723395,79701.70366497054
2009-03-31,0.010071516465781416,80504.42068578312
2009-04-01,0.00784642932342794,81136.09293291763
2009-04-02,0.007945943891359608,81780.79577492674
2009-04-03,0.0006748243587784142,81835.98344799594
2009-04-06,-0.00792035818013237,81187.81314706443
2009-04-07,-0.007188830226953935,80604.16774185252
2009-04-08,0.006991049298839425,81167.67545222773
2009-04-09,0.015435279470812358,82420.52120682907
2009-04-13,0.005082557163518242,82839.42821730975
2009-04-14,-0.008511068691550938,82134.37615338342
2009-04-15,0.009015690674261334,82874.87428250574
2009-04-16,0.0014054202215774136,82991.34830668307
2009-04-17,-0.001575770266551868,82860.57300764034
2009-04-20,-0.013663318792060064,81728.42258334419
2009-04-21,0.008539632055344137,82426.35324066963
2009-04-22,-0.005184261573456084,81999.03346492391
2009-04-23,0.007562912064895233,82619.18494442553
2009-04-24,0.006279613878980905,83138.00152487264
2009-04-27,-0.008100191039943416,82464.56782984207
2009-04-28,-0.006516785785053214,81927.163906438
2009-04-29,0.010208734477629822,82763.53656926409
2009-04-30,-0.0009556338877435566,82684.444929049
2009-05-01,3.8054481594551604e-05,82687.59144273671
2009-05-04,0.02004066796922732,84344.70600801571
2009-05-05,-0.0051704600243406285,83908.6050773365
2009-05-06,0.010585095851597837,84796.78570485397
2009-05-07,-0.014078808751522454,83602.9479761715
2009-05-08,0.013667768975651917,84745.61375479326
2009-05-11,-0.005200790659606991,84304.86955833467
2009-05-12,0.0028938791235135763,84548.83766036006
2009-05-13,-0.010365001705819332,83672.48881378538
2009-05-14,0.0048675422685224845,84079.76818979895
2009-05-15,-0.004657232682373502,83688.18914545904
2009-05-18,0.01135574207561274,84638.53063616996
2009-05-19,-2.3902128004960055e-05,84636.50759517655
2009-05-20,0.00310027640610544,84898.90416276903
2009-05-21,-0.00840925847608609,84184.96733332785
2009-05-22,-0.0029951546541773233,83932.82033660766
2009-05-26,0.005845595322658825,84423.45763858489
2009-05-27,-0.010803268372495345,83511.40836878127
2009-05-28,0.010739252262459864,84408.25845004691
2009-05-29,0.014943557351217773,85669.6181011116
2009-06-01,0.006392333623093771,86217.24688137694
2009-06-02,-0.00018991667945544854,86200.87278813744
2009-06-03,-0.007161541367183499,85583.54167177787
2009-06-04,0.004986934493976358,86010.34118785753
2009-06-05,-0.005132206258904426,85568.9183764827
2009-06-08,-0.004723511851512097,85164.73257641032
2009-06-09,0.0023598109520042154,85365.70524506863
2009-06-10,-0.002615937709851135,85142.39387759002
2009-06-11,0.003965532022147222,85480.02876695388
2009-06-12,0.00183368248491389,85636.77199851378
2009-06-15,-0.01025626057304474,84758.4589502626
2009-06-16,-0.002857896408825611,84516.22805481106
2009-06-17,-0.0030202720516474546,84260.96605330645
2009-06-18,-0.004538345948743361,83878.56063938122
2009-06-19,0.005148517926277574,84310.41091246343
2009-06-22,-0.012572365666267848,83250.42959699864
2009-06-23,0.005084624841125818,83673.72679936193
2009-06-24,0.0035311437064025064,83969.19075314075
2009-06-25,0.013377155866778123,85092.45970585274
2009-06-26,-0.0001818795197301437,85076.98313014879
2009-06-29,0.0025797510328611217,85296.4605652515
2009-06-30,-0.0044337323667686945,84918.27888727254
2009-07-01,0.004662941356496697,85314.24784181852
2009-07-02,-0.01213628864750238,84278.84950426566
2009-07-06,-0.00046642598861257323,84239.5396585665
2009-07-07,-0.00787107909857887,83576.48357868605
2009-07-08,0.00029740228632468835,83601.33941598533
2009-07-09,-0.0012455459762286125,83497.21010406844
2009-07-10,0.00023505747443008929,83516.83674739745
2009-07-13,0.0060362136332301475,84020.96221597635
2009-07-14,0.00026586839681863594,84043.30073449988
2009-07-15,0.008353403295439099,84745.34831981504
2009-07-16,0.00417007857802143,85098.74308143047
2009-07-17,-0.00234772871956368,84898.95431829942
2009-07-20,0.011596778199778557,85883.50866092187
2009-07-21,0.005678971063994398,86371.23862148155
2009-07-22,-0.0016161210885754507,86231.65224129899
2009-07-23,0.006011310177864937,86750.01745007122
2009-07-24,0.0021896473774762892,86939.96939827678
2009-07-27,0.00047561587272237915,86981.3194276966
2009-07-28,-0.001783902077832189,86826.15327123694
2009-07-29,-0.004168940321316206,86464.1802199197
2009-07-30,0.012441174295649393,87539.89615636616
2009-07-31,0.008728313035448076,88303.97177310954
2009-08-03,0.005290193111279207,88771.11683628224
2009-08-04,0.0022863889262934034,88974.08213479142
2009-08-05,-0.0003185750087274508,88945.73721579881
2009-08-06,-0.0033708923037538696,88645.91071476636
2009-08-07,0.00471007825429659,89063.43989115629
2009-08-10,-0.0015946242967496138,88921.41716595375
2009-08-11,-0.0038890987079159833,88575.59299734759
2009-08-12,0.0006235835330978823,88630.82727857512
2009-08-13,0.009003796953435339,89428.84125120641
2009-08-14,-0.005059783493406189,88976.35067640911
2009-08-17,-0.011942811308188417,87913.72290938956
2009-08-18,0.004821997795903643,88337.64268748832
2009-08-19,0.00322831586907113,88622.82450121267
2009-08-20,0.0069091645728709405,89235.1341806042
2009-08-21,0.004512271945703805,89637.78737313846
2009-08-24,0.00241068958403301,89853.87625349466
2009-08-25,0.0026355926549548325,90090.6944697676
2009-08-26,0.0014581475801864752,90222.059997906
2009-08-27,0.00041099293401769543,90259.14062705767
2009-08-28,0.0025906733609624144,90492.97257826355
2009-08-31,-0.005682112879211831,89978.78129329844
2009-09-01,-0.010342313710620887,89048.1925098638
2009-09-02,0.004233138537082404,89425.14584523485
2009-09-03,0.005096712184814667,89880.92007569308
2009-09-04,0.001913517278960386,90052.90876930677
2009-09-08,0.005273861241386735,90527.83531453935
2009-09-09,0.0032064581630684152,90818.10903106857
2009-09-10,0.008843876931539096,91621.29321049445
2009-09-11,0.00220663634278484,91823.46808586568
2009-09-14,-0.0011988202628429034,91713.38825171984
2009-09-15,0.0038860135713141286,92069.78772313721
2009-09-16,0.011046472549647746,93086.83410587274
2009-09-17,0.0005718821633984295,93140.0688059451
2009-09-18,-0.002617709778675703,92896.25513704526
2009-09-21,-0.0040651964942604035,92518.61360633222
2009-09-22,0.008044530639378378,93262.88242820116
2009-09-23,-0.00719175573681663,92592.1585584661
2009-09-24,-0.00782335678184054,91867.77706686246
2009-09-25,0.0009224035464099334,91952.51623022972
2009-09-28,0.00995602404063245,92867.99769241454
2009-09-29,-0.0021790241610710748,92665.63608165248
2009-09-30,0.0018119228381994201,92833.5390639851
2009-10-01,-0.010348747755041798,91872.8281850041
2009-10-02,-0.003851914541920576,91518.9419021109
2009-10-05,0.01044631730854606,92474.97780896275
2009-10-06,0.004027149256942142,92847.38834713185
2009-10-07,0.0036487269195979444,93186.1631124084
2009-10-08,0.004141073361412673,93572.05385012545
2009-10-09,-0.0036781393160704168,93227.88279997384
2009-10-12,0.003987843157465143,93599.66097448267
2009-10-13,0.0009254866719505817,93686.28621321365
2009-10-14,0.006309730835252214,94277.42146217343
2009-10-15,-0.002345073470875203,94056.33398219997
2009-10-16,-0.00331110504201626,93744.90358051794
2009-10-19,0.009081858466318593,94596.2815267749
2009-10-20,-0.0029864087282746032,94313.77836596101
2009-10-21,-0.003254500642907221,94006.83411363399
2009-10-22,0.00517322915136309,94493.153008298
2009-10-23,-0.006535184041758013,93875.62286270277
2009-10-26,-0.008711892938309651,93057.78848680577
2009-10-27,-0.0005802222657600442,93003.79428592334
2009-10-28,-0.01401023654701783,91700.78912820737
2009-10-29,0.01392991665651544,92978.1734781
2009-10-30,-0.009022339385772238,92139.29284151137
2009-11-02,0.004143290595539417,92521.05270702126
2009-11-03,0.003288939613340869,92825.34886233737
2009-11-04,0.00011015072488329558,92835.57364180211
2009-11-05,0.008316636167817082,93607.65333121156
2009-11-06,-0.0011904955670858364,93496.21383487545
2009-11-09,0.012756287949823308,94688.87846077138
2009-11-10,-0.0022601945734009865,94474.86317151292
2009-11-11,0.006317213083305795,95071.68101318352
2009-11-12,-0.006408296066236274,94462.43353373627
2009-11-13,0.004930523001207332,94928.18273502438
2009-11-16,0.013097708142472797,96171.52436698307
2009-11-17,4.246493559345588e-05,96175.60828457124
2009-11-18,-0.0009967574282702119,96079.74453259518
2009-11-19,-0.006615394721582235,95444.13909776328
2009-11-20,-0.001339331176253511,95316.30778667897
2009-11-23,0.006517256326994403,95937.50859666744
2009-11-24,-0.0002955681375816921,95909.15252592729
2009-11-25,0.00660812014824641,96542.93172913512
2009-11-27,-0.010709732935338834,95508.98271352143
2009-11-30,0.006427202629279982,96122.83829833762
2009-12-01,0.0069001088651972076,96786.0963470279
2009-12-02,0.0036712365572462158,97141.42100217026
2009-12-03,-0.005060959958617106,96649.7921601551
2009-12-04,-0.003423036250212008,96318.95641801544
2009-12-07,-0.004115855213172703,95922.521539115
2009-12-08,-0.006314819272195682,95316.78815146218
2009-12-09,-0.0020220905013325075,95124.04897952359
2009-12-10,-0.0008714590483762663,95041.1522663222
2009-12-11,0.0003596505033924835,95075.33386457778
2009-12-14,0.005634403362747342,95611.02664541868
2009-12-15,-0.004570582963060343,95174.02851595242
2009-12-16,0.005137720571993798,95663.00608017835
2009-12-17,-0.007809964904605393,94915.88136002311
2009-12-18,0.0023860813947396142,95142.35837860157
2009-12-21,-0.003967648880910946,94764.86690685348
2009-12-22,0.0010741375185430169,94866.65740583786
2009-12-23,0.0041872663774100705,95263.8893707306
2009-12-24,0.0033817955392447807,95586.05236685564
2009-12-28,0.0013793631361389558,95717.90024381953
2009-12-29,-0.0013568006699979929,95588.03013263791
2009-12-30,0.0005432717395814635,95639.96040805124
2009-12-31,-0.0035197808744474868,95303.32870457406
2010-01-04,0.01082645575032326,96335.12597565264
2010-01-05,0.0026353665263363357,96589.00434195927
2010-01-06,0.001045352705898006,96689.97391900813
2010-01-07,-9.872087513218553e-05,96680.42860016634
2010-01-08,0.0013757784329508915,96813.4394487229
2010-01-11,0.0016940002396874654,96977.441438354
2010-01-12,-0.0061127247906566096,96384.64502793932
2010-01-13,0.0024643834597799508,96622.17375292294
2010-01-14,0.003029767723544463,96914.91649633826
2010-01-15,-0.004574532521478325,96471.57605900941
2010-01-19,0.006926170400864073,97139.75463363403
2010-01-20,-0.007973985498960223,96365.16363881288
2010-01-21,-0.010528240729310578,95350.60799810405
2010-01-22,-0.00947179510428453,94447.46657607706
2010-01-25,0.0025539470706776868,94688.68040667196
2010-01-26,-0.003825192870217875,94326.47794149003
2010-01-27,-0.0015036292610226543,94184.645889168
2010-01-28,-0.004299119075399815,93779.7348814161
2010-01-29,-0.0019479129442091514,93597.06012193608
2010-02-01,0.008729596299473119,94414.12467161809
2010-02-02,0.007125509664915652,95086.87342947026
2010-02-03,-0.005880935324767855,94527.67367659716
2010-02-04,-0.017374247409047472,92885.32648713826
2010-02-05,0.0009424361285994554,92972.8649746365
2010-02-08,-0.005751231607093454,92438.15649499233
2010-02-09,0.006305342276158754,93021.0107110704
2010-02-10,-0.0029507811784090787,92746.52606346758
2010-02-11,0.007526535850482574,93444.586116892
2010-02-12,-0.00020188057113945668,93425.72147047683
2010-02-16,0.012859193267800162,94627.10087904937
2010-02-17,-0.0002626880251290764,94602.24347279576
2010-02-18,0.003102408653787192,94895.73829161345
2010-02-19,4.213998203783653e-05,94899.73719632052
2010-02-22,-0.0009016562176942244,94814.1702582199
2010-02-23,-0.004056534967358583,94429.55326116635
2010-02-24,0.003665396396992593,94775.67500545944
2010-02-25,-0.00026469846321863777,94750.588029935
2010-02-26,0.004944169122704567,95219.0509616307
2010-03-01,0.0040382552706828,95603.56979604592
2010-03-02,0.004252108261618481,96010.08652501591
2010-03-03,0.0014146951160818322,96145.91152551744
2010-03-04,0.00016675477758121282,96161.94431560922
2010-03-05,0.00639048816123422,96776.46608231938
2010-03-08,-0.0008216648553622807,96696.94826131339
2010-03-09,0.0003279676583702873,96728.6617330062
2010-03-10,0.0005355932977584299,96780.46895593153
2010-03-11,0.0013302996855562021,96909.21598335159
2010-03-12,0.00035648281473332766,96943.76245343893
2010-03-15,-0.0012777492499063126,96819.89263368095
2010-03-16,0.009465576036855161,97736.34868928521
2010-03-17,0.004185518120383369,98145.42594774431
2010-03-18,-0.0012864810055954745,98019.16372147646
2010-03-19,-0.006026067706003446,97428.49360440501
2010-03-22,0.0021494438326912224,97637.9106791114
2010-03-23,0.0016536297930549448,97799.36763714202
2010-03-24,-0.008193612434937214,96998.03752234133
2010-03-25,-0.0011510314021681012,96886.38973520443
2010-03-26,0.0030097348883435515,97177.99208259612
2010-03-29,0.003566113465839127,97524.53982874508
2010-03-30,0.0004883036997647139,97572.1614223613
2010-03-31,0.0003462342844062771,97605.94424984934
2010-04-01,0.00694230626614778,98283.55460822835
2010-04-05,0.002167589402052972,98496.59299959325
2010-04-06,0.0037013086843851184,98861.159294645
2010-04-07,-4.191701452482821e-05,98857.0153299949
2010-04-08,0.00040683428783561126,98897.23375342423
2010-04-09,0.00461439490298865,99353.5846447757
2010-04-12,-0.0009992166631185295,99254.30888745809
2010-04-13,0.00298651430013952,99550.73330030094
2010-04-14,0.003247255958596984,99874.00001219304
2010-04-15,-0.001472495409785557,99726.93600561816
2010-04-16,-0.010287385304696084,98701.0065896716
2010-04-19,-0.001286626292228199,98574.01527952394
2010-04-20,0.005857161998524596,99151.37925586116
2010-04-21,0.003664831395853385,99514.75234350021
2010-04-22,0.0007189645985317128,99586.29992746683
2010-04-23,0.004036901705707585,99988.32003150912
2010-04-26,-2.358962065607262e-05,99985.96134496955
2010-04-27,-0.0075338156549780155,99232.68554411079
2010-04-28,0.00037659907305243046,99270.05648150321
2010-04-29,0.009413693682902569,100204.55438510452
2010-04-30,-0.003308529442598296,99873.02466663896
2010-05-03,0.006643319425566618,100536.51307149694
2010-05-04,-0.010775771646218124,99453.15456453146
2010-05-05,-0.004555006064887679,99000.14484231781
2010-05-06,-0.008361930753201574,98172.31248658942
2010-05-07,-0.005107647013227301,97670.88296793567
2010-05-10,0.019371302502403154,99562.89518758438
2010-05-11,0.0010169180124510735,99664.14248907242
2010-05-12,0.005377579881639782,100200.09437664253
2010-05-13,-0.0041212155538382644,99787.14818920146
2010-05-14,-0.00696551639983789,99092.07917199652
2010-05-17,-0.003269781531231697,98768.06972162858
2010-05-18,-0.0031364032641237882,98458.29322536246
2010-05-19,-0.006121976905148041,97855.5338281165
2010-05-20,-0.014783334076518995,96408.90278029935
2010-05-21,0.008366145912952039,97215.47372826694
2010-05-24,-0.0031721562568517436,96907.09105501701
2010-05-25,0.0005151212233069913,96957.00995430839
2010-05-26,0.00015287329867508248,96971.83209224978
2010-05-27,0.013612188590724772,98291.83095867759
2010-05-28,-0.004072626067060825,97891.52508573614
2010-06-01,-0.004826665558079535,97419.03543317693
2010-06-02,0.00836751647064804,98234.19081671868
2010-06-03,-0.0030372780910974395,97935.82626115438
2010-06-04,-0.008587281501117205,97094.82375200534
2010-06-07,0.000892238881329499,97181.45552893271
2010-06-08,0.004260040009507193,97595.4524176681
2010-06-09,-0.001461698506415865,97452.79729063621
2010-06-10,0.0069149423090857365,98126.67776175999
2010-06-11,0.006378636645321567,98752.59218441481
2010-06-14,-0.000712100985986952,98682.27036615153
2010-06-15,0.009822013856688905,99651.5289930974
2010-06-16,-0.0004525618690833788,99606.43051087926
2010-06-17,0.0034347300813752923,99948.5517140534
2010-06-18,0.0005102880750673666,99999.55426811334
2010-06-21,-0.001984439423064699,99801.1112103348
2010-06-22,-0.003336560789978904,99468.11873587407
2010-06-23,0.0006272131707720785,99530.50645001713
2010-06-24,-0.007254981010250017,98808.41451578168
2010-06-25,0.006977515373690402,99497.85174711552
2010-06-28,-0.0017807970589258648,99320.66626535481
2010-06-29,-0.011038425067867896,98224.32253309397
2010-06-30,-0.0008914229445343702,98136.76311827663
2010-07-01,-0.006644078640784423,97484.73474656677
2010-07-02,-0.0021695991527882486,97273.23194865083
2010-07-06,0.0011378567260469374,97383.91494988793
2010-07-07,0.011758133458266817,98528.96801855722
2010-07-08,0.0016012395809439361,98686.73650201809
2010-07-09,0.003524089658945684,99034.51740959994
2010-07-12,-0.001765393810194138,98859.68248556947
2010-07-13,0.005595183280578286,99412.820528136
2010-07-14,0.0014367058056496962,99555.64750454479
2010-07-15,0.0007868296845379152,99633.98084326476
2010-07-16,-0.011540882696827404,98484.1167577347
2010-07-19,0.001308067334486962,98612.94061383129
2010-07-20,0.0074673121398542985,99349.3142224237
2010-07-21,-0.0024231322202423744,99108.57769807236
2010-07-22,0.009825424204884525,100082.36151629868
2010-07-23,0.0009211945423155399,100174.55684150955
2010-07-26,0.0031808979849872188,100493.20188751369
2010-07-27,-0.004405492906821351,100050.47979941448
2010-07-28,2.3189146858060283e-05,100052.79988468376
2010-07-29,7.430982732326008e-05,100060.2347909664
2010-07-30,0.005849811891189605,100645.56834228181
2010-08-02,0.008254495989661548,101476.34678254038
2010-08-03,-0.0002623943292855424,101449.71996458803
2010-08-04,0.0015625249913449046,101608.23768739765
2010-08-05,-0.0008467637304249154,101522.19951701157
2010-08-06,0.0019222109258001385,101717.34659813442
2010-08-09,0.002367517551589593,101958.16420150663
2010-08-10,-0.0027276752222046285,101680.05544331271
2010-08-11,-0.009225013785573721,100742.05553013025
2010-08-12,-0.0011933702444925087,100621.83295869158
2010-08-13,0.0028107207444507676,100904.65283193323
2010-08-16,0.006846541177431664,101595.50069254151
2010-08-17,0.003954205862833238,101997.23021701742
2010-08-18,0.0008991830196924955,102088.94439448424
2010-08-19,-0.003525345669908919,101729.04557641757
2010-08-20,-0.00198580475099297,101527.03155439794
2010-08-23,-0.0016921332677662937,101355.23428672718
2010-08-24,-0.0008087866553374568,101273.25952578748
2010-08-25,0.0020437409029692155,101480.23582865734
2010-08-26,-0.0004480179455385036,101434.77086188862
2010-08-27,0.0013398500501942134,101570.67824471937
2010-08-30,-0.0004678244248440544,101523.16100058852
2010-08-31,0.004335309474421178,101963.29532234755
2010-09-01,0.006884492382860596,102665.2608523256
2010-09-02,0.0015873645305748418,102828.2280459248
2010-09-03,0.000607870157102397,102890.73425706165
2010-09-07,0.0014733402574536036,103042.32731796154
2010-09-08,0.0006816579358761565,103112.56693810898
2010-09-09,-0.0048639692294842884,102611.03058534888
2010-09-10,0.0015464551886208433,102769.71394600734
2010-09-13,0.00675906013224048,103464.34062234155
2010-09-14,0.004140623330659343,103892.7474850137
2010-09-15,-0.0007409641346192153,103815.76668528025
2010-09-16,-0.003248355650465995,103478.53615296066
2010-09-17,0.0012387110541103308,103606.71615955648
2010-09-20,0.008512283584989788,104488.64590881618
2010-09-21,0.0011700695886032175,104610.9048957484
2010-09-22,-0.0009084382424430215,104515.87234916454
2010-09-23,-0.003599290573395142,104139.68935504802
2010-09-24,0.00625786708037257,104791.3816888232
2010-09-27,0.0011428355021267933,104911.1410001341
2010-09-28,0.003954579643888456,105326.02046275034
2010-09-29,-0.0010172193800432883,105218.8807935128
2010-09-30,0.00035372048266779643,105256.09886681286
2010-10-01,0.0023628929347319083,105504.8077591627
2010-10-04,-0.0005773875939191209,105443.89059206373
2010-10-05,0.009808755435445127,106478.16392704312
2010-10-06,0.0034767158594235514,106848.35824825056
2010-10-07,-0.0037530965578950193,106447.34604269231
2010-10-08,0.004605432955403277,106937.58215817255
2010-10-11,0.000903819233141645,107034.23440167277
2010-10-12,-0.0016608755583769064,106856.46385784545
2010-10-13,0.006394006041694711,107539.70473334663
2010-10-14,-0.0035298289470999666,107160.10797061629
2010-10-15,-0.004083457232658239,106722.52425267124
2010-10-18,0.005252582786644311,107283.09314650805
2010-10-19,-0.010544574027151032,106151.83862896296
2010-10-20,0.00772266078753403,106971.6132706675
2010-10-21,-0.004837010558294441,106454.19044783949
2010-10-22,0.0021989359895937532,106688.27639845831
2010-10-25,0.003558640352318454,107067.94160396917
2010-10-26,-0.003545659945655033,106688.31509196025
2010-10-27,-0.006449368047994675,106000.24288151177
2010-10-28,0.0031364011016687954,106332.7021600625
2010-10-29,0.003235488745444881,106676.74042117414
2010-11-01,0.0007725571244681095,106759.15429700154
2010-11-02,0.006836901425336217,107489.05611118239
2010-11-03,-0.0018594754454861473,107289.18285068516
2010-11-04,0.01628461687643301,109036.34608839414
2010-11-05,-0.0004242762117623311,108990.08456053135
2010-11-08,0.0009721189389753082,109096.03588589316
2010-11-09,-0.012866808846819455,107692.31804620361
2010-11-10,0.00507272723928609,108238.61180141845
2010-11-11,-0.002933860054406434,107921.05486190986
2010-11-12,-0.013887961275001137,106422.25143123038
2010-11-15,-0.00662148651771588,105717.57792819352
2010-11-16,-0.007944717912616195,104877.68159314901
2010-11-17,-0.0002715989820794018,104849.19692158546
2010-11-18,0.009469065578262104,105842.02084306406
2010-11-19,0.0011964222616058784,105968.65259301406
2010-11-22,0.0024426330308509048,106227.49512407253
2010-11-23,-0.004948018573718738,105701.87950515901
2010-11-24,0.003517733336170892,106073.71053039022
2010-11-26,-0.0032824742963294407,105725.52630205793
2010-11-29,0.0026803333058145196,106008.9059514801
2010-11-30,-1.8618501471889815e-05,106006.93222450861
2010-12-01,0.004040915419536439,106435.29727151238
2010-12-02,0.0051286869049747,106981.17058685588
2010-12-03,0.002663012586673119,107266.0627906657
2010-12-06,0.003982850279228511,107693.28745880324
2010-12-07,-0.007948692972722826,106837.26658157003
2010-12-08,-0.005504433308582524,106249.18797280053
2010-12-09,0.0009193745553468524,106346.87077274898
2010-12-10,-0.00030988809922916083,106313.91514310625
2010-12-13,0.0031075477023359,106644.29070583553
2010-12-14,-0.003824917975432829,106236.3850413375
2010-12-15,-0.007321009976348436,105458.62740659868
2010-12-16,0.002054059217869053,105675.24567232703
2010-12-17,0.005719163562357021,106279.61968681934
2010-12-20,0.0025685203252714395,106552.60105014706
2010-12-21,0.005818885741038615,107172.61846106834
2010-12-22,0.00036179081705167704,107211.39253026694
2010-12-23,-0.0017652035712149017,107022.14259729758
2010-12-27,0.0023876593293092885,107277.67501451269
2010-12-28,-0.0005480301518709929,107218.88361398212
2010-12-29,0.005964156017446376,107858.35376387234
2010-12-30,-0.001705771777191445,107674.37202808759
2010-12-31,0.004911636697355393,108203.22942510543
2011-01-03,0.003855028607865796,108620.35597000268
2011-01-04,-0.005004221372292061,108076.79566319162
2011-01-05,-0.0028875821131664203,107764.71504118624
2011-01-06,-0.002617007363642565,107482.69398838261
2011-01-07,0.00022640114039718107,107507.02819287455
2011-01-10,0.0006429800843201772,107576.15307092702
2011-01-11,0.002120079749765358,107804.22309461035
2011-01-12,0.004006091631039599,108236.0966905404
2011-01-13,-0.0008639858953417567,108142.58222963293
2011-01-14,-0.0005053656698410514,108087.9306811261
2011-01-18,0.0012410945769416593,108222.0780257273
2011-01-19,-0.0031338274476268024,107882.92870717107
2011-01-20,-0.007554075995687248,107067.97286507979
2011-01-21,0.0006469578604693105,107137.24133172937
2011-01-24,0.0015184920469379914,107299.92838062248
2011-01-25,0.0015129062434398044,107462.26311219018
2011-01-26,0.0012926267954633808,107601.17171299012
2011-01-27,-0.0011256666507855062,107480.04866240737
2011-01-28,-0.0038267029802746544,107068.75443987087
2011-01-31,0.0023408097481001366,107319.38202398065
2011-02-01,0.005630230378174783,107923.61486881902
2011-02-02,-0.0010875193264714422,107806.24585186651
2011-02-03,0.000771803002969973,107889.4510361539
2011-02-04,-0.003139078454531319,107550.7775849351
2011-02-07,0.0025086949991464103,107820.58968281673
2011-02-08,0.001250071025862054,107955.37307797058
2011-02-09,-0.0007569349232345868,107873.65788593705
2011-02-10,-0.002931776466303382,107557.39643441299
2011-02-11,0.004593547695376454,108051.46646492498
2011-02-14,0.001153509709687528,108176.10488063823
2011-02-15,0.0004946809958130682,108229.61754392376
2011-02-16,0.002178332323330201,108465.37761816135
2011-02-17,0.0026951420861978104,108757.70722227539
2011-02-18,0.001223224170192383,108890.74227844438
2011-02-22,-0.004863140050231585,108361.19134857063
2011-02-23,0.0006592748316380792,108432.63115475306
2011-02-24,-0.0013927633960805208,108281.61015514002
2011-02-25,0.009177693567505418,109275.38559213998
2011-02-28,0.004950560173416774,109816.35996398718
2011-03-01,-0.0033030366740269823,109453.63249961799
2011-03-02,-0.002036604793637542,109230.71870698822
2011-03-03,0.0021379319342733627,109464.24654871551
2011-03-04,0.0009846192910747398,109572.02715755033
2011-03-07,-0.004824262720318662,109043.42291174442
2011-03-08,0.002450309016850394,109310.61299413329
2011-03-09,0.002270730186439307,109558.82790275726
2011-03-10,-0.0074660437972299265,108740.8568952621
2011-03-11,0.0012456323267600045,108876.30802185042
2011-03-14,-0.0019243542510982703,108666.79143566468
2011-03-15,-0.007902810755675449,107808.01834752217
2011-03-16,-0.004553481364022227,107317.11654508456
2011-03-17,0.006539687748940759,108018.9369774061
2011-03-18,0.0043349820741416245,108487.19713287099
2011-03-21,0.005810501583906724,109117.56216364514
2011-03-22,6.233931413923699e-05,109124.36447763097
2011-03-23,0.002111448778628233,109354.77498372583
2011-03-24,0.0008617931937013878,109449.01618450554
2011-03-25,0.0001484181965121234,109465.26041009766
2011-03-28,-0.002333131527923027,109209.86355982255
2011-03-29,0.0010224964574430118,109321.53025843031
2011-03-30,0.00637764698210197,110018.74438596176
2011-03-31,0.0023002616800094078,110271.81628775554
2011-04-01,0.004005268268470141,110713.48449443947
2011-04-04,0.0028124492581707017,111024.86055177536
2011-04-05,0.0010375170646583776,111140.05073919916
2011-04-06,-0.0006589534994608792,111066.8146138343
2011-04-07,-0.0020041780186714764,110844.2169453814
2011-04-08,0.000750525487153153,110927.40835530244
2011-04-11,-0.0034710451351827043,110542.37431417234
2011-04-12,-0.004156987726408268,110082.8510209003
2011-04-13,0.0030348106063089464,110416.93162475126
2011-04-14,0.0032559520213590876,110776.44385646714
2011-04-15,0.006109019188173415,111453.17927758393
2011-04-18,-0.004484776261439283,110953.33670489788
2011-04-19,0.0037740162861255033,111372.07640462213
2011-04-20,0.006815164302929944,112131.0954040781
2011-04-21,0.003154690886580269,112484.83434885161
2011-04-25,0.0004282973827520742,112533.01130900253
2011-04-26,0.0045977704055248925,113050.41225804365
2011-04-27,0.003365936479560183,113430.93276469232
2011-04-28,0.0029103346192838053,113761.05473521506
2011-04-29,0.003569387189815698,114167.11198668685
2011-05-02,-0.0014204698536376403,114004.9410458329
2011-05-03,-0.004636441402345093,113476.36381709608
2011-05-04,-0.005879063324195077,112809.22908841597
2011-05-05,-0.008681568313998023,111829.86805963544
2011-05-06,0.0026551700212096296,112126.7953727832
2011-05-09,0.005866457196790575,112784.58241845094
2011-05-10,0.0037794385458640445,113210.84481662241
2011-05-11,-0.007428243509651433,112369.88709339118
2011-05-12,1.4867992331746294e-05,112371.5578080108
2011-05-13,-0.004001813037326163,111921.86784295004
2011-05-16,-0.000892319652545881,111821.99776072413
2011-05-17,0.001441191226073002,111983.15464277884
2011-05-18,0.0036764022455306744,112394.84976396916
2011-05-19,3.089292944902233e-05,112398.32197013334
2011-05-20,-0.0009913727605345146,112286.89333540236
2011-05-23,-0.005725312255872472,111644.01580881534
2011-05-24,0.00360966265603313,112047.01304345
2011-05-25,0.0018228845504431046,112251.2618124502
2011-05-26,0.005412373645876656,112858.80758360031
2011-05-27,0.003747367903764953,113281.73105679627
2011-05-31,0.006373852746075714,114003.77212937284
2011-06-01,-0.006592285510301998,113252.2267142446
2011-06-02,-0.0036250170160184725,112841.68546530348
2011-06-03,0.0005604778913386177,112904.93073522816
2011-06-06,-0.006533625607405558,112167.25218857413
2011-06-07,0.0036937230205491556,112581.56695013482
2011-06-08,-0.0010660165528919574,112461.55313621546
2011-06-09,0.0013862886255120443,112617.4573081356
2011-06-10,-0.00814648667008011,111700.02069335656
2011-06-13,-0.0024544371974131174,111425.86000761497
2011-06-14,0.004056804358300248,111877.89292212122
2011-06-15,-0.0044096372633142256,111384.55199655076
2011-06-16,0.00014827575885401068,111401.06762552266
2011-06-17,0.0017808783981088094,111599.45938038321
2011-06-20,0.0012608022187292622,111740.16422637898
2011-06-21,0.005227773824750148,112324.31653209492
2011-06-22,-0.001707285291666194,112132.54687858322
2011-06-23,-0.0049247751627224945,111580.31929678276
2011-06-24,-0.0041472033515373985,111117.57302262953
2011-06-27,-0.0001036587975267178,111106.05470862592
2011-06-28,0.0029738545718713816,111436.46795738376
2011-06-29,0.004140758100600328,111897.89941478058
2011-06-30,0.0010042945969657158,112010.27787057465
2011-07-01,0.003953570477308821,112453.11839831891
2011-07-05,0.005184365876903518,113036.11650809455
2011-07-06,0.0023796378345284364,113305.10152760537
2011-07-07,0.00511458608903137,113884.61022369475
2011-07-08,0.0014279163364614433,114047.2279191047
2011-07-11,-0.00432058723365869,113554.47692212326
2011-07-12,0.0006119673882591936,113623.96855879042
2011-07-13,0.003993696614615017,114077.7482173628
2011-07-14,-0.006194425421779282,113371.10211374583
2011-07-15,0.004503305266074786,113881.64679491536
2011-07-18,-0.0042279526850795834,113400.1605805675
2011-07-19,0.007409085125288151,114240.35202353029
2011-07-20,0.0010408626984255154,114359.26054460657
2011-07-21,0.0017591135588368445,114560.43147040915
2011-07-22,0.003964700712306257,115014.629294662
2011-07-25,-0.0035238664518194573,114609.33310102209
2011-07-26,0.0025322834129812843,114899.55641420666
2011-07-27,-0.009632588850737589,113792.77622813647
2011-07-28,0.0006432428445199978,113865.9726172033
2011-07-29,0.004418559668002864,114369.09621136759
2011-08-01,-0.001434230507949552,114205.06456441463
2011-08-02,-0.0020391902393140926,113972.17871147464
2011-08-03,-0.001246730749348668,113830.08609170478
2011-08-04,-0.015754219173889528,112036.78196683335
2011-08-05,-0.00737931791090074,111210.02693498581
2011-08-08,-0.020086329141337678,108976.22573015266
2011-08-09,0.025455873302952625,111750.31072537338
2011-08-10,-0.002482982366189712,111472.83667442606
2011-08-11,0.003775144758177529,111893.6627694767
2011-08-12,0.0049444988975215765,112446.92086168002
2011-08-15,0.009363650952507463,113499.83457931303
2011-08-16,0.001955556582730278,113721.7899279634
2011-08-17,0.005311512407488728,114325.82462616761
2011-08-18,-0.010636928707702498,113109.74898016977
2011-08-19,-0.0016089477306321376,112927.76130623576
2011-08-22,0.004280227321384444,113411.11779552148
2011-08-23,0.00045179086838320615,113462.35590291463
2011-08-24,-0.01047826243518657,112273.46756124934
2011-08-25,-0.0028470616989677566,111953.81807194541
2011-08-26,0.011716385956826336,113265.51221381663
2011-08-29,0.004928595345893516,113823.7520901639
2011-08-30,0.009496769678842831,114904.71004774589
2011-08-31,0.0017884481124310625,115110.21115954022
2011-09-01,-0.00024978477909731733,115081.4583808739
2011-09-02,0.00233365666601415,115350.01899335906
2011-09-06,-0.0014423396399904087,115183.64508849129
2011-09-07,0.0024521295004038546,115466.09030257682
2011-09-08,0.0014057268547880142,115628.40408653254
2011-09-09,-0.009586010333875072,114519.98901006955
2011-09-12,-0.004426991541188752,114013.00998742494
2011-09-13,0.0010590958215817015,114133.76068990857
2011-09-14,0.001908186610652285,114351.54920388044
2011-09-15,-0.0002424256670291447,114323.82745328888
2011-09-16,0.0043516098264622105,114821.32014423337
2011-09-19,-0.006650385756660326,114057.71407218522
2011-09-20,0.002489129467821094,114341.61848931461
2011-09-21,-0.010159392211927742,113179.97714093505
2011-09-22,-0.011973321395945424,111824.83689904088
2011-09-23,-0.010462381027237622,110654.88284709441
2011-09-26,0.0009548336392710688,110760.53985158642
2011-09-27,0.006273081369514433,111455.34973060677
2011-09-28,-0.013736524581876353,109924.34057925067
2011-09-29,0.0072863198852026745,110725.28448788104
2011-09-30,-0.0070360156045690125,109946.21965840396
2011-10-03,-0.001790414256647388,109749.37037926307
2011-10-04,0.00044302483152525163,109797.99207558534
2011-10-05,0.0048355776388711025,110328.92879085898
2011-10-06,0.006173954445151342,111010.09457119608
2011-10-07,-0.00759392202304876,110167.09256925115
2011-10-10,0.01457853685345989,111773.1675883105
2011-10-11,-0.002407432329513126,111504.08125108632
2011-10-12,0.004206971071606835,111973.17569527574
2011-10-13,-0.0005136178309402828,111915.66427565164
2011-10-14,0.005588854470845339,112541.14463629625
2011-10-17,-0.006470049753853457,111812.99783114379
2011-10-18,0.0071751625001788,112615.27426021438
2011-10-19,-0.007529773484553304,111767.30675413413
2011-10-20,-0.0036059618644381786,111364.27810828776
2011-10-21,0.00898599558338442,112364.99701951563
2011-10-24,0.01076401655142023,113574.49570723397
2011-10-25,0.0029226468126031246,113906.43384510574
2011-10-26,0.0024216422723359887,114182.2744803961
2011-10-27,0.013481600150741402,115721.634249243
2011-10-28,0.0012382752169064482,115864.92948099374
2011-10-31,-0.005484743128656766,115229.44010517056
2011-11-01,-0.0037018510793852544,114802.87787794028
2011-11-02,0.006718952463463879,115574.232957071
2011-11-03,0.006192131611189922,116289.88381840351
2011-11-04,-0.0025098963346263936,115998.00826525358
2011-11-07,0.006611634098085739,116764.94465201015
2011-11-08,3.186894902773574e-05,116768.6658280795
2011-11-09,-0.014530552388929863,115071.95261187914
2011-11-10,-0.002028946690464273,114838.477754462
2011-11-11,0.00888551603648624,115858.87689015493
2011-11-14,-0.0031304205300316523,115496.18988335159
2011-11-15,0.00209900976616062,115738.61751387108
2011-11-16,-0.006351859661838377,115003.46205796779
2011-11-17,-0.010981376488046868,113740.56574368043
2011-11-18,0.0009692550084947626,113850.80935669653
2011-11-21,-0.012040086283714335,112480.03578857119
2011-11-22,0.002874044424660438,112803.30840831494
2011-11-23,-0.008416551296456687,111853.89357668634
2011-11-25,-0.00485625655918831,111310.7023723338
2011-11-28,0.014623239854115733,112938.42547145454
2011-11-29,-0.0007580102153527113,112852.81699124133
2011-11-30,0.017343116906277434,114810.03658952315
2011-12-01,-0.002798420053423567,114488.74988079673
2011-12-02,0.0037582873115733495,114919.03149679163
2011-12-05,0.0018545351219005912,115132.15287687723
2011-12-06,-0.0027199467682588185,114818.99954973708
2011-12-07,0.004509758154625176,115336.80546926241
2011-12-08,-0.011187750368351623,114046.44608138918
2011-12-09,0.003430227464491953,114437.65133296527
2011-12-12,-0.0103762011140911,113250.22324771018
2011-12-13,-0.003830338553935886,112816.43655136263
2011-12-14,-0.0061930420587505974,112117.75961488167
2011-12-15,0.0013801772307695526,112272.50199386703
2011-12-16,0.00728546708876876,113090.45961211708
2011-12-19,-0.00224514963359157,112836.55460815624
2011-12-20,0.009233412479517478,113878.42105962095
2011-12-21,-0.0021537738570095444,113633.1526934652
2011-12-22,0.0042718702701927125,114118.57878016468
2011-12-23,0.00032447278448599626,114155.60715318305
2011-12-27,-0.0007162106304309246,114073.84769381664
2011-12-28,-0.005193703754818868,113481.38192272263
2011-12-29,0.003725367441537397,113904.14176815821
2011-12-30,0.0021740551254088025,114151.77565137456
2012-01-03,0.00839690110856317,115110.29682288603
2012-01-04,-0.0027076264447404297,114798.62113914646
2012-01-05,0.00027925838943709813,114830.67961719539
2012-01-06,-0.0006401405891081069,114757.17183829755
2012-01-09,-0.00031478080340285874,114721.04848355005
2012-01-10,0.006967789304710648,115520.40057819893
2012-01-11,0.004130153737759823,115997.5175924345
2012-01-12,-0.0007329807384138798,115912.49364633541
2012-01-13,2.3786915415158205e-07,115912.52121834224
2012-01-17,0.0058682343081915,116592.7230521047
2012-01-18,0.0030920999968122587,116953.23941068244
2012-01-19,-0.000557667765210268,116888.01835902617
2012-01-20,-0.0003332742242233566,116849.06259538657
2012-01-23,0.001260774056923264,116996.38286208264
2012-01-24,0.0003320929965309194,117035.23654145058
2012-01-25,0.008624355512637072,118044.59002888962
2012-01-26,0.003933739083400223,118508.94664627023
2012-01-27,0.002599308243674381,118816.98792823704
2012-01-30,-0.0025793650203310703,118510.51554575385
2012-01-31,0.0050310558489334856,119106.74856815045
2012-02-01,0.0034732493450122526,119520.4360046013
2012-02-02,0.002636928899492741,119835.6028963818
2012-02-03,-0.0008555283981190875,119733.08013499822
2012-02-06,0.00020987035313857483,119758.20855880852
2012-02-07,-0.0002103645127408127,119733.01568161833
2012-02-08,0.0008499185581338775,119834.77899366748
2012-02-09,-0.0021615379409232194,119575.75157223053
2012-02-10,-0.0037112898177780185,119131.97130296736
2012-02-13,0.004858010497493348,119710.71567014426
2012-02-14,-0.0014547340227843986,119536.56841916703
2012-02-15,0.00029946448090312217,119572.36537557762
2012-02-16,0.0022450687415462856,119840.81355543509
2012-02-17,-0.00018256850085218712,119818.93439776337
2012-02-21,-9.25233598626507e-05,119807.84834737773
2012-02-22,0.003766584898151404,120259.11477964297
2012-02-23,0.002077475581784949,120508.95015408476
2012-02-24,0.0019220762118703494,120740.57754049338
2012-02-27,-4.0780262792750044e-05,120735.65370801154
2012-02-28,0.0027948814609404238,121073.09554823457
2012-02-29,-0.010639550010321797,119784.93229324467
2012-03-01,0.00395606927011749,120258.80978291307
2012-03-02,3.4158542922879676e-05,120262.91764862889
2012-03-05,-0.003630304366701309,119826.32665353683
2012-03-06,-0.009353291892050475,118705.55604399412
2012-03-07,0.0030992353326197986,119073.45249746395
2012-03-08,0.003622001741273362,119504.7367497492
2012-03-09,0.0026223551632669206,119818.12061319975
2012-03-12,-0.002029288311440558,119574.97510154061
2012-03-13,0.002168624619683923,119834.2883364439
2012-03-14,-0.010504721343365442,118575.46253008905
2012-03-15,0.0028096994026587385,118908.62393632982
2012-03-16,0.001851543286325974,119128.78840066539
2012-03-19,-0.0013329763541427564,118969.99254262962
2012-03-20,-0.00427918945801431,118460.89740472117
2012-03-21,0.0017435911877234922,118667.44478152585
2012-03-22,-0.004633689594849111,118117.57667739436
2012-03-23,0.005663103141083647,118786.4886968933
2012-03-26,0.006959424518501178,119613.17429879711
2012-03-27,0.00015147813109162023,119631.29307889384
2012-03-28,-0.005346985641388358,118991.62627254028
2012-03-29,-9.899398013446525e-05,118979.84681785289
2012-03-30,0.0009791290908085504,119096.34344709218
2012-04-02,0.006037040654418124,119815.33291427481
2012-04-03,-0.009012288698390103,118735.52254355764
2012-04-04,-0.0059162177457141585,118033.05733803881
2012-04-05,0.0025989560278345536,118339.82006389124
2012-04-09,0.0013081188540364774,118494.6226137001
2012-04-10,-0.004353047004916899,117978.80995163278
2012-04-11,0.001975908990966113,118211.9253429597
2012-04-12,0.007172024694173773,119059.74419066522
2012-04-13,-0.002659760468999739,118743.07378961767
2012-04-16,6.683958056630246e-05,118751.01052686493
2012-04-17,0.004469065692072283,119281.71659390946
2012-04-18,-0.002643665203371115,118966.37567035176
2012-04-19,-0.0010354940626758902,118843.18669468704
2012-04-20,0.002630775872339175,119155.83648283532
2012-04-23,-0.0041593175925858095,118660.22951589299
2012-04-24,0.0013642212854643176,118822.10832673665
2012-04-25,0.004191627627257999,119320.16635872803
2012-04-26,0.004503396797680859,119857.51241380667
2012-04-27,0.002076322213399484,120106.37522927427
2012-04-30,-0.0005808250691371475,120036.61443557791
2012-05-01,0.0011868362559226409,120179.07824162827
2012-05-02,-0.0008180318070849513,120080.76793308047
2012-05-03,-0.0043494239706065585,119558.48576262349
2012-05-04,-0.003739243167610873,119111.4275116057
2012-05-07,0.0015209479922082547,119292.58979812854
2012-05-08,-0.004593086936627411,118744.6685622903
2012-05-09,-0.004295397659551559,118234.61299086362
2012-05-10,0.0005487862338398042,118299.49851883638
2012-05-11,-0.0010899771348701348,118170.55477038425
2012-05-14,-0.005695513025542942,117497.51283645388
2012-05-15,-0.00298571612877796,117146.69861728679
2012-05-16,-0.003013623947441424,116793.66252097003
2012-05-17,-0.0018139516691946245,116581.80446188877
2012-05-18,-0.00263218453242664,116274.93963942179
2012-05-21,0.007317541312753972,117125.78631387124
2012-05-22,-0.004963730778524078,116544.40544338625
2012-05-23,-3.742967801212416e-05,116540.04322381639
2012-05-24,-0.0007309890710517353,116454.85372587989
2012-05-25,0.0012459578656107695,116599.9515668682
2012-05-29,0.003576054003038731,117016.91929042301
2012-05-30,-0.0018037559510876155,116805.84932587498
2012-05-31,0.003459202169556308,117209.90437327992
2012-06-01,0.00037677932509216916,117254.0666419438
2012-06-04,-0.00291214901043102,116912.60532780345
2012-06-05,0.0010098636389204163,117030.67111685546
2012-06-06,0.004861166518113524,117599.57669688106
2012-06-07,-0.0021169361168263956,117350.62590564795
2012-06-08,0.002540499607056823,117648.75512464912
2012-06-11,-0.004742537170977501,117090.80153035124
2012-06-12,0.003532920487715918,117504.47402200088
2012-06-13,0.00036792158929244145,117547.70645483203
2012-06-14,0.0037907226350999412,117993.29720639446
2012-06-15,0.005447006500875151,118636.00746333739
2012-06-18,0.002209669660903746,118898.15384971988
2012-06-19,0.0005433436113313483,118962.75640201321
2012-06-20,-0.0013381921846149503,118803.56137113579
2012-06-21,-0.011248633342143433,117467.18366953105
2012-06-22,-1.3489189193416351e-05,117465.59913246651
2012-06-25,-0.0004007925584902372,117418.51979445561
2012-06-26,0.0003901896586691045,117464.33528661565
2012-06-27,0.0037040920554467505,117899.43399774915
2012-06-28,-0.000417474885537672,117850.21394503598
2012-06-29,0.01340300535183192,119429.76099325584
2012-07-02,0.004542279986603059,119972.2444064203
2012-07-03,0.0057023542662371085,120656.3686461413
2012-07-05,-0.002150963664815042,120396.84118125492
2012-07-06,-0.0031373383240126396,120019.1155573269
2012-07-09,0.0020420721261078523,120264.20324780664
2012-07-10,-0.005107134112179557,119649.99783292567
2012-07-11,0.0023848621963120653,119935.34658954623
2012-07-12,-0.00031643183282104026,119897.39522800487
2012-07-13,0.006617607620038379,120690.82914428847
2012-07-16,0.00143342358482057,120863.83022525543
2012-07-17,0.0009148771693852087,120974.40578413296
2012-07-18,0.0012055412741669436,121120.24542342356
2012-07-19,0.0009689981702138972,121237.6107196147
2012-07-20,-0.001182934324829299,121094.19458843418
2012-07-23,-0.006158855645134076,120348.39292450024
2012-07-24,-0.0002577919924159344,120317.36807250418
2012-07-25,0.0031841455678285335,120700.47608678504
2012-07-26,0.005046832857031447,121309.63121535917
2012-07-27,0.003585956861491102,121744.64231978085
2012-07-30,0.0019717207797858016,121984.68876087034
2012-07-31,-0.0021935683613197865,121717.10700703906
2012-08-01,-0.0022430406112635692,121444.09059293676
2012-08-02,-0.0022700500444050586,121168.40642969352
2012-08-03,0.0054807454963787805,121832.49962753647
2012-08-06,0.0021922931424056546,122099.59218099205
2012-08-07,-0.0026184904661946673,121779.87556293987
2012-08-08,-0.0012533612589898935,121627.24138478466
2012-08-09,0.0010164496864533135,121750.86935615442
2012-08-10,0.0018891604965833864,121980.87628896674
2012-08-13,-0.003297569483897589,121578.63587369716
2012-08-14,-0.0036326251860627767,121136.98625893521
2012-08-15,-0.0015596327646719699,120948.05704615216
2012-08-16,0.002221254252926075,121216.71343224906
2012-08-17,0.0011441023038989417,121355.39775335796
2012-08-20,0.0008245052503417227,121455.4559159629
2012-08-21,0.0024081229225365597,121747.93558342126
2012-08-22,0.004988476755311222,122355.2723300863
2012-08-23,-0.0006651416372641661,122273.88874392076
2012-08-24,0.0009138452377763784,122385.6281548538
2012-08-27,8.837423008034584e-05,122396.44389051487
2012-08-28,0.0005405264038216284,122462.60240017157
2012-08-29,-0.0021319498096352696,122201.51827829708
2012-08-30,-0.001820863329732636,121979.00601482647
2012-08-31,0.008903931322170822,123065.09870712916
2012-09-04,-0.000409085680585064,123014.75453746828
2012-09-05,-0.0019580690719738225,122773.88315121201
2012-09-06,0.003185188199537059,123164.94107503658
2012-09-07,0.005979477622816365,123901.40308411026
2012-09-10,-0.003354695162119059,123485.75164660424
2012-09-11,0.0014707421639783558,123667.36734820146
2012-09-12,-0.0007765274474944572,123571.3362430962
2012-09-13,0.009440338304653073,124737.89146198906
2012-09-14,-0.001724368914741814,124522.79731946156
2012-09-17,-0.0024473803527252924,124218.04267183552
2012-09-18,0.0008500772510942056,124323.63760408628
2012-09-19,1.0377667184480188e-05,124324.9277934205
2012-09-20,-0.0019269011869013086,124085.36594249394
2012-09-21,0.0015062813185711121,124272.27341112119
2012-09-24,-0.0006408541666135248,124192.63300691114
2012-09-25,-0.002563438473429769,123874.27283334469
2012-09-26,-0.0005503327990155071,123806.1007580503
2012-09-27,0.00493834836236573,124417.49841297972
2012-09-28,-0.0019372235969464802,124176.47389918104
2012-10-01,0.0020756528557066556,124434.22115184146
2012-10-02,0.0006071812173493729,124509.77527372036
2012-10-03,-0.000376428175944743,124462.90628612677
2012-10-04,0.0018429708486553675,124692.28779415104
2012-10-05,-0.003215878328906685,124291.29256805203
2012-10-08,-0.00045910732698839496,124234.22952495317
2012-10-09,-0.0034113662421504376,123810.42106823219
2012-10-10,8.639217288908263e-05,123821.11731953458
2012-10-11,0.0034161587915997327,124244.1099180514
2012-10-12,-0.0024958894587161495,123934.01035379937
2012-10-15,0.0011242964309938763,124073.3489193189
2012-10-16,0.0019797083885069178,124318.97796896461
2012-10-17,-0.0009035267038980388,124206.65245256833
2012-10-18,-0.0011842969751926224,124059.55488976996
2012-10-19,-0.0045606707628089715,123493.7601049371
2012-10-22,-0.0004177496695474403,123442.1706274621
2012-10-23,-0.0053546358924012605,122781.18274998436
2012-10-24,-0.0027183385893558842,122447.42192286832
2012-10-25,0.0011196997993150326,122584.52627662201
2012-10-26,0.001453421240078967,122762.69323081747
2012-10-31,0.0030806730178305486,123140.88494744987
2012-11-01,0.0014476184830496397,123319.14596851889
2012-11-02,-0.004863089366375695,122719.43394108885
2012-11-05,0.0018991156101693107,122952.4923337575
2012-11-06,0.0037494501316110984,123413.49657232023
2012-11-07,-0.0023234800677852663,123126.74777293876
2012-11-08,-0.00045812632869968173,123070.34016801682
2012-11-09,0.00027024665042141294,123103.59951521344
2012-11-12,-0.00014703689156370103,123085.49874460042
2012-11-13,-0.00120071880495487,122937.70767164053
2012-11-14,-0.00474830650506286,122353.96175458576
2012-11-15,-0.0018240096402812878,122130.78694881879
2012-11-16,0.0014937508818175793,122313.21991952066
2012-11-19,0.007924189296469208,123282.45302762362
2012-11-20,-0.002170600953977364,123014.85601747318
2012-11-21,0.0002075758917243764,123040.39093590635
2012-11-23,0.006067540017577588,123786.94343168836
2012-11-26,0.0006395078463017345,123866.10615328264
2012-11-27,-0.0017591103338963077,123648.2120059289
2012-11-28,-0.0006268495797461249,123570.70317619662
2012-11-29,0.0032781558824408474,123975.78720371102
2012-11-30,-0.0011063605713030888,123838.62528095258
2012-12-03,0.00015863614718059083,123858.27056333928
2012-12-04,-0.00068565001873655,123773.34713780685
2012-12-05,0.0009721862808027559,123893.67788782327
2012-12-06,0.0027514116254809817,124234.56039348742
2012-12-07,-0.00016356103838199854,124214.24045978654
2012-12-10,0.00166054492468648,124420.50378635581
2012-12-11,-0.00035637125616727605,124376.1638951285
2012-12-12,-0.0018931587055831534,124140.7000776834
2012-12-13,-0.003952186755897147,123650.07284696859
2012-12-14,0.00125251142182492,123804.9459755189
2012-12-17,-0.00041559416645542413,123753.49336219314
2012-12-18,-0.0005898558775538909,123680.49663676563
2012-12-19,0.00017661344372577048,123702.34027519837
2012-12-20,0.0012487452799607723,123856.81298873713
2012-12-21,0.00015177404418831308,123875.61123814472
2012-12-24,-0.0008702881008273433,123767.80376770145
2012-12-26,0.0007998494505021547,123866.79937753492
2012-12-27,0.002485433275007942,124174.66204237659
2012-12-28,-0.001644474746684943,123970.45994646975
2012-12-31,0.0034873959126147103,124402.79402177203
2013-01-02,0.0061152756138354025,125163.55139434636
2013-01-03,-0.006001262327766765,124412.41208855397
2013-01-04,0.0011297175019788774,124552.96296795383
2013-01-07,-0.0017526376186359771,124334.66675954363
2013-01-08,0.0006697016948176149,124417.93389659708
2013-01-09,0.001373092428458511,124588.77121959496
2013-01-10,0.0027420804115956265,124930.40364866098
2013-01-11,-0.00018079705785623013,124907.81659924451
2013-01-14,0.0007297425768371113,124998.96715119675
2013-01-15,0.0017348286192124807,125215.81893678266
2013-01-16,1.771353222101979e-06,125216.04073822699
2013-01-17,0.0008526912297301958,125322.81135798602
2013-01-18,0.0026536838258526263,125655.3784754971
2013-01-22,0.0019349585634480526,125898.51642612155
2013-01-23,-0.0007418725149810346,125805.11577710812
2013-01-24,-0.0020255879676738253,125550.28644831819
2013-01-25,-0.0021158026391097096,125284.64682090985
2013-01-28,-0.001874910866894841,125049.74927513025
2013-01-29,0.001814617511079586,125276.666739921
2013-01-30,-0.001097241630009238,125139.20796590517
2013-01-31,-0.0012417269026181454,124983.81924480158
2013-02-01,0.0010303497793491267,125112.59629538268
2013-02-04,-0.0007879858449676425,125014.00934047477
2013-02-05,-0.0003476887312741095,124970.5433781757
2013-02-06,0.002537021614380519,125287.59634788703
2013-02-07,-0.0024458397595820136,124981.1629633569
2013-02-08,0.0035653601081511166,125426.76581605678
2013-02-11,-0.0019524907151723392,125181.87122036684
2013-02-12,0.001214466569054773,125333.90041801569
2013-02-13,-0.0016656977150975028,125125.13202646514
2013-02-14,0.0005519777902733836,125194.19832034878
2013-02-15,-0.0034633869824894914,124760.60236360287
2013-02-19,0.0014841347719112274,124945.7639117353
2013-02-20,-0.006174442394750734,124174.29348999416
2013-02-21,-0.0020048022063898774,123925.34859242852
2013-02-22,0.004335968649949562,124462.68501885937
2013-02-25,-0.002045774289285651,124208.06245787232
2013-02-26,0.0031409074218839983,124598.18848310408
2013-02-27,0.0015488995121999416,124791.17855646655
2013-02-28,-0.0015146433682085014,124602.16442545508
2013-03-01,0.0014127944701056716,124778.20167431855
2013-03-04,-0.0003669598152759024,124732.41308848168
2013-03-05,0.0034186681124230844,125158.83181169287
2013-03-06,-0.0006121208187180871,125082.2194850945
2013-03-07,-0.002144540993826327,124813.97553780992
2013-03-08,0.00011528396794746598,124828.36458816522
2013-03-11,0.0006238385313204198,124906.23733179702
2013-03-12,0.00044232092425167124,124961.48597413841
2013-03-13,-0.001365312669214247,124790.87447417408
2013-03-14,0.002221317422491209,125068.07461781148
2013-03-15,0.0006534380224239023,125149.7988531581
2013-03-18,-0.00011149097505203098,125135.8457800564
2013-03-19,0.00020464065630187989,125161.45366166373
2013-03-20,-0.0005065983349114012,125098.04707764364
2013-03-21,-0.0007290078331627647,125006.84962141067
2013-03-22,0.0016026042241072957,125207.18612665628
2013-03-25,-0.001192686577454083,125057.85319636222
2013-03-26,0.003845380504620577,125538.74822699322
2013-03-27,0.0031812974950464756,125938.12433225903
2013-03-28,-0.0010602665779605447,125804.5963481385
2013-04-01,-0.001082109055478453,125668.46205520937
2013-04-02,-0.0009270969374968185,125551.95520889806
2013-04-03,-0.0032999788185025247,125137.63641608712
2013-04-04,0.004860129584078887,125745.82154491465
2013-04-05,0.004818041017572439,126351.6700709064
2013-04-08,0.0007172722895743,126442.2986225897
2013-04-09,0.002262715525203518,126728.40157472545
2013-04-10,-0.0007158771270759923,126637.67961068719
2013-04-11,0.002064563040426126,126899.13108353673
2013-04-12,-0.0051092068733312734,126250.77717078496
2013-04-15,-0.01922494072933334,123823.61346264435
2013-04-16,0.005986559391842006,124564.89087875097
2013-04-17,-0.004445640402142792,124011.12016717189
2013-04-18,0.0010702778094027199,124143.84651720598
2013-04-19,0.005565781894762534,124834.80409049762
2013-04-22,0.003438199512433071,125264.01105305625
2013-04-23,0.002088797803626141,125525.66224421727
2013-04-24,0.0036854269573785015,125988.27790369489
2013-04-25,0.003660062800744157,126449.40291298002
2013-04-26,-0.0006127709967066464,126371.91838632408
2013-04-29,0.004631007600600645,126957.14770087364
2013-04-30,0.0025000594749104987,127274.54812089083
2013-05-01,-0.0034658690556904626,126833.43120298165
2013-05-02,0.004363590039113685,127386.88030000558
2013-05-03,-0.001096264463668506,127247.23058999509
2013-05-06,0.0007487391977951674,127342.5055793487
2013-05-07,-0.00039295744802947397,127292.46539333055
2013-05-08,0.004149896849873658,127820.71599447899
2013-05-09,-0.0038177856067475036,127332.7239047111
2013-05-10,-0.003101278753654957,126937.82963342042
2013-05-13,-0.0026097997482911195,126606.5473175945
2013-05-14,-0.0002683147030841937,126572.57691944246
2013-05-15,0.0011572237053090184,126719.04970589568
2013-05-16,-0.00029685241514088023,126681.43284994613
2013-05-17,-0.0017416255454586471,126460.80123035936
2013-05-20,0.003868390180788328,126950.00095209351
2013-05-21,0.00043439271381240374,127005.14710752557
2013-05-22,-0.010039541740506919,125730.07363188034
2013-05-23,-0.00180411949848569,125503.24155449502
2013-05-24,-0.0027501053188035973,125158.09442236891
2013-05-28,-0.004484589817566165,124596.81170653638
2013-05-29,-0.003303649004516407,124185.18757357616
2013-05-30,0.0005392093906642081,124252.14939289723
2013-05-31,-0.010457640026820259,122952.76514198762
2013-06-03,0.005607117726502686,123642.17577093777
2013-06-04,-0.005723219735056406,122934.54443048022
2013-06-05,-0.004009737750166109,122441.60914687785
2013-06-06,0.004690254705310037,123015.89148030472
2013-06-07,-0.003998528408775015,122524.00894348994
2013-06-10,-0.002853234194049703,122174.41925158033
2013-06-11,-0.005797204218548124,121466.1491928964
2013-06-12,-0.004996046566684287,120859.29865525286
2013-06-13,0.011439081241396698,122241.81799134852
2013-06-14,-0.0019249324989303318,122006.51074316865
2013-06-17,0.001445821520762891,122182.9103820743
2013-06-18,0.0009579739935436926,122299.9584326758
2013-06-19,-0.014438064077097246,120534.1837961985
2013-06-20,-0.025990157478857134,117401.48137774979
2013-06-21,0.0006886503497978147,117482.32994896737
2013-06-24,-0.006634993104089659,116702.83549990358
2013-06-25,0.004779720704483514,117260.6424590144
2013-06-26,0.0022575093324808115,117525.35945369831
2013-06-27,0.006315014412396458,118267.5337924705
2013-06-28,0.0024866291536034257,118561.62128992364
2013-07-01,0.003994815073381286,119035.25304177715
2013-07-02,4.6913709341067644e-05,119040.8374270397
2013-07-03,-0.0016879251559702713,118839.90540295883
2013-07-05,-0.008231317417872863,117861.69641967709
2013-07-08,0.0055302019025027516,118513.49539744938
2013-07-09,0.006191423767612614,119247.26266963601
2013-07-10,-0.0021795688155967774,118987.355054576
2013-07-11,0.01646279006848772,120946.21890164408
2013-07-12,-0.002401293738044985,120655.79150355535
2013-07-15,0.004050506106912266,121144.50852387483
2013-07-16,0.0002793002938743516,121178.34422070681
2013-07-17,0.0016572548796134345,121379.16762297007
2013-07-18,1.9193666619621297e-05,121381.497334248
2013-07-19,0.003700225664470924,121830.63626587609
2013-07-22,0.0052191822107601205,122466.49255540055
2013-07-23,0.0004390126556852447,122520.25689552976
2013-07-24,-0.00867756161425881,121457.07981732399
2013-07-25,0.0015505884303042006,121645.40976006727
2013-07-26,0.00017086064953386604,121666.19417379168
2013-07-29,-0.0047006997943944695,121094.27791985418
2013-07-30,-0.0009071383450623971,120984.42865698544
2013-07-31,-0.0017522562779040962,120772.4329323426
2013-08-01,-0.0010063422285194745,120650.89453304175
2013-08-02,0.0022176115518470763,120918.45135049892
2013-08-05,-0.0035824788991183354,120485.26355002169
2013-08-06,-0.004001240945267215,120003.17298020402
2013-08-07,-0.0009365092942172915,119890.78889337249
2013-08-08,0.005968542368137486,120606.36214643202
2013-08-09,0.001701870887581336,120811.61860302612
2013-08-12,0.0012567391730298194,120963.44729668167
2013-08-13,-0.004601137944323597,120406.87778944871
2013-08-14,0.0007742901505152222,120500.10764897538
2013-08-15,-0.006242775783694365,119747.85249501179
2013-08-16,-0.004282988728167236,119234.97379255341
2013-08-19,-0.007180608108898312,118378.79417287433
2013-08-20,0.005059972334960916,118977.7875964351
2013-08-21,-0.0065560413059920775,118197.76430645732
2013-08-22,0.006469419869731929,118962.4352714194
2013-08-23,0.008112131719929305,119927.47421606471
2013-08-26,-0.0005014172566139008,119867.34051095066
2013-08-27,-0.0018579783643319914,119644.62958569129
2013-08-28,-0.0012233937017243068,119498.25709941101
2013-08-29,0.0012691310121504262,119649.91604339381
2013-08-30,-0.003328782251940221,119251.62752642242
2013-09-03,0.0010925577325482383,119381.91681419537
2013-09-04,0.0007950963134311095,119476.83693614467
2013-09-05,-0.0053516223036081945,118837.44203083264
2013-09-06,0.006489376488730825,119608.62293312843
2013-09-09,0.0065899770679471725,120396.84101538648
2013-09-10,-0.0017456731305778295,120186.66748501947
2013-09-11,0.003527652134531545,120610.64423911522
2013-09-12,-0.00617430091984561,119865.95782744649
2013-09-13,0.002166627881424521,120125.66275370908
2013-09-16,0.001135319912836108,120262.04381067601
2013-09-17,0.0012010483936728544,120406.48434521465
2013-09-18,0.020965604751327138,122930.87910549328
2013-09-19,-0.003278001961028787,122527.91144271448
2013-09-20,-0.00837177982104731,121502.13474618329
2013-09-23,0.00014692899801227455,121519.9869330979
2013-09-24,8.42013852677681e-05,121530.21908433537
2013-09-25,0.0012088892768875592,121677.13566300421
2013-09-26,0.0002525237462767116,121707.86202913806
2013-09-27,-0.0015267759355923616,121522.04139421959
2013-09-30,-0.0047031860564270556,120950.50062358574
2013-10-01,0.000512523492588457,121012.49059659566
2013-10-02,0.00344231860404709,121429.05414429838
2013-10-03,-0.004133878537859181,120927.08118349873
2013-10-04,0.0014315338315236126,121100.1923913603
2013-10-07,-0.00031788912779018297,121061.69595682579
2013-10-08,-0.004259379411989284,120546.04826148678
2013-10-09,-0.0013796279471610662,120379.73956438541
2013-10-10,0.008437286429875623,121395.41790744397
2013-10-11,0.00124499079068352,121546.55408476992
2013-10-14,-0.00023168445212984334,121518.39363797852
2013-10-15,-0.0017332898510461492,121307.76703957038
2013-10-16,0.008326798494845189,122317.87237156849
2013-10-17,0.009224027968784076,123446.135847406
2013-10-18,0.0015072300805876182,123632.19757668751
2013-10-21,-0.0013927140446409192,123460.01327875264
2013-10-22,0.007907612555560828,124436.28722986541
2013-10-23,-0.003930354374756639,123947.20852397304
2013-10-24,0.001003029490838525,124071.53122942969
2013-10-25,0.0034691068147167936,124501.94862393006
2013-10-28,-0.0003191787229444021,124462.21025096418
2013-10-29,0.0002820268859224928,124497.3119405363
2013-10-30,-0.0035144489970140302,124059.77248745594
2013-10-31,-0.00397638000542988,123566.46368865864
2013-11-01,-0.0024725813439320232,123260.93555580641
2013-11-04,0.001448593425397382,123439.49053666089
2013-11-05,-0.007423198496159578,122523.17469614244
2013-11-06,0.0023935551637197516,122816.44067361174
2013-11-07,-0.005470194039104537,122144.61091193491
2013-11-08,-0.005653924778210029,121454.0144697751
2013-11-11,-0.0011418610716158462,121315.33085866059
2013-11-12,-0.002588019578359746,121001.36440724318
2013-11-13,0.003752907056426613,121455.47128156437
2013-11-14,0.0065823714445338855,122254.93630751055
2013-11-15,0.0033069169097610374,122659.22322368762
2013-11-18,-0.000498461373286796,122598.08233883325
2013-11-19,-0.0036162627276401516,122154.73546319117
2013-11-20,-0.008781786320803286,121081.99867827918
2013-11-21,0.003389724746856837,121492.43332559783
2013-11-22,0.002630894681390661,121812.06712226334
2013-11-25,-0.0009074556654300459,121701.52807183549
2013-11-26,-3.159761419868623e-05,121697.68259390409
2013-11-27,0.0014532285795747502,121874.53714431757
2013-11-29,0.0007672322346325977,121968.04321779562
2013-12-02,-0.007978193295469227,120994.95859313391
2013-12-03,-0.0004626416172029968,120938.98128981698
2013-12-04,-0.0003172481330571131,120900.61362378896
2013-12-05,-0.003972392231939126,120420.34896539315
2013-12-06,0.006583752721253999,121213.16676558841
2013-12-09,0.0022978104308779557,121491.69164454212
2013-12-10,0.0026483119856219872,121813.43954767784
2013-12-11,-0.009414681463959296,120666.6048163072
2013-12-12,-0.00562205449970854,119988.21058773513
2013-12-13,0.002297497579948793,120263.88321118282
2013-12-16,0.0023149305349450255,120542.28574667945
2013-12-17,-0.0009514349921575516,120427.59759798541
2013-12-18,0.005896454203374812,121137.69341204439
2013-12-19,-0.00628161985522091,120376.75247189162
2013-12-20,0.0058202125050828,121077.3707519498
2013-12-23,0.0008532615225280704,121180.68141366131
2013-12-24,0.00040724235495992467,121230.03131973585
2013-12-26,0.0005515078787090566,121296.89063714482
2013-12-27,0.0018620729855785,121522.75430043493
2013-12-30,1.7536901241843594e-05,121524.88543297575
2013-12-31,0.0001908735787894411,121548.0813227703
2014-01-02,-0.0038007024322259664,121086.11323445445
2014-01-03,0.00188787824905301,121314.70907389214
2014-01-06,0.0003762377892311264,121360.35225183531
2014-01-07,0.002156562562703801,121622.07344409816
2014-01-08,-0.003112116277781851,121243.5714095952
2014-01-09,0.0006558415448365551,121323.08798076997
2014-01-10,0.00876026578461464,122385.9104772917
2014-01-13,-0.002772074656844592,122046.64759650275
2014-01-14,0.0017785400961085607,122263.71245284876
2014-01-15,0.0020902736983048342,122519.27707524606
2014-01-16,0.0008605006810122884,122624.70499660645
2014-01-17,0.0002723212749922155,122658.09831261667
2014-01-21,0.00047225074093604213,122716.0236904266
2014-01-22,0.0006889792433624198,122800.57248357727
2014-01-23,0.00022758813533352296,122828.5204368867
2014-01-24,-0.007293187378622834,121932.70902190148
2014-01-27,-0.005153489526139365,121304.33008306331
2014-01-28,0.004341127760214336,121830.92767782109
2014-01-29,-0.0010251138224390832,121706.03710985798
2014-01-30,0.0019045067412191141,121937.82707798078
2014-01-31,0.0004849686766741357,121996.96310461531
2014-02-03,-0.00521839831348947,121360.33435809935
2014-02-04,0.002835461124249594,121704.44686819769
2014-02-05,-0.0021483258671807226,121442.98605683981
2014-02-06,0.004980122461464065,122047.78699948874
2014-02-07,0.006005867337466775,122780.78981703908
2014-02-10,0.0009571464615132363,122898.30901555426
2014-02-11,0.005121412782681745,123527.7219863165
2014-02-12,-0.0006774655778015726,123444.03620676653
2014-02-13,0.003895000126841852,123924.85074344976
2014-02-14,0.004188459695325442,124443.90498603792
2014-02-18,0.0023109856061975798,124731.49305923967
2014-02-19,-0.00355562155854916,124287.99507348821
2014-02-20,0.001901671915433889,124524.35006314504
2014-02-21,0.0015179003534371294,124713.36561811743
2014-02-24,0.0028704560445942384,125071.34985229766
2014-02-25,0.0009415534580532459,125189.11121425447
2014-02-26,0.0005536514250272795,125258.42234407614
2014-02-27,0.002887713796899005,125620.13281845693
2014-02-28,0.00014167058184311188,125637.92949576452
2014-03-03,0.0006217239946413322,125716.04161116909
2014-03-04,0.0020128146866680297,125969.08470607382
2014-03-05,-8.696119845219563e-06,125967.98926381642
2014-03-06,0.00048054402091368686,126028.52242788365
2014-03-07,-0.005471354711373944,125338.97567793036
2014-03-10,-0.002066352457003484,125079.98117757996
2014-03-11,-0.00034419419331777057,125036.92937435834
2014-03-12,0.003150175994456772,125430.81770769402
2014-03-13,-0.002361937590002805,125134.55794440543
2014-03-14,0.0009134679056701511,125248.86434697786
2014-03-17,0.00021029923933668648,125275.2040878778
2014-03-18,0.003380033581267927,125698.63848459504
2014-03-19,-0.010198644361354203,124416.68277398423
2014-03-20,0.0007948331668268249,124515.57327995957
2014-03-21,0.0032256495244613603,124917.2168796981
2014-03-24,-0.001480075802751002,124732.32992964746
2014-03-25,0.003710441290386557,125195.14191686455
2014-03-26,-0.0012491621063175362,125038.75288968696
2014-03-27,0.002638635712087556,125368.68460845659
2014-03-28,0.0015689665211235937,125565.38387740457
2014-03-31,0.0019041413259008877,125804.47811394813
2014-04-01,0.0007173666744810792,125894.72605404755
2014-04-02,0.00043022948740367717,125948.88967750462
2014-04-03,2.0602070064601463e-05,125951.48448535432
2014-04-04,0.001798585820400822,126178.0190394081
2014-04-07,-0.000739809229887145,126084.67137631387
2014-04-08,0.003980441064522111,126586.54397986692
2014-04-09,0.0024171854682981664,126892.52713445714
2014-04-10,-0.004193686827027143,126360.37961496518
2014-04-11,-0.0014545477953602504,126176.58240337535
2014-04-14,0.003106976222540192,126568.61004474401
2014-04-15,-8.166041455104356e-05,126558.27439957861
2014-04-16,0.004526001874028074,127131.07738668486
2014-04-17,-0.00246690860998533,126817.45663728294
2014-04-21,0.00030232640822536183,126855.79690344837
2014-04-22,0.0009620246212569405,126977.83530341864
2014-04-23,-0.0004736579223550974,126917.69124576368
2014-04-24,0.001915157027375658,127160.75855405131
2014-04-25,-0.0022634662736708,126872.93446572982
2014-04-28,0.000503920133889002,126936.86829185268
2014-04-29,0.0021931019190837286,127215.25378130602
2014-04-30,0.0011499482764354418,127361.54474312812
2014-05-01,0.0022226774631068924,127644.62837829515
2014-05-02,0.0023980520676634143,127950.72684330386
2014-05-05,-0.00024519901638919706,127919.3534509356
2014-05-06,-0.001091072763608869,127779.78412844683
2014-05-07,0.0011360364953822977,127924.94662658882
2014-05-08,-0.0003447033592783866,127880.85046775112
2014-05-09,-0.00041343196790966097,127827.98043608428
2014-05-12,0.003464972050192028,128270.9008155278
2014-05-13,0.0016914704481574283,128487.8672536158
2014-05-14,0.003370564197227033,128920.9438587589
2014-05-15,-0.002071332818794125,128653.90567671433
2014-05-16,0.0020279649731000937,128914.81129107924
2014-05-19,-0.0013132240795415973,128745.51725668223
2014-05-20,-0.0016820934606425197,128528.95526401773
2014-05-21,0.0003266585873866745,128570.94035098256
2014-05-22,0.0008837008073845354,128684.55859477693
2014-05-23,0.0028043266385173737,129045.4321304101
2014-05-27,0.0001430683289962431,129063.8944447496
2014-05-28,0.001564816495625898,129265.85575576646
2014-05-29,0.00037824828519683606,129314.75034404057
2014-05-30,-0.0013916764404682258,129134.78605258174
2014-06-02,-0.0014338248989532731,128949.62938101855
2014-06-03,-0.0022694010410134746,128656.99095786296
2014-06-04,-0.0004043508876464541,128604.96838936722
2014-06-05,0.005710770277406185,129339.40182037198
2014-06-06,0.0017749269653823951,129568.96981234939
2014-06-09,-0.0012808406277264872,129403.01261172106
2014-06-10,-0.0008960732715358466,129287.05803086348
2014-06-11,-0.001225722307283239,129128.58799979203
2014-06-12,0.0016680998861384744,129343.9873827317
2014-06-13,0.0008091538652259533,129448.6465700662
2014-06-16,-0.0011403349333755086,129301.03175630416
2014-06-17,-0.0009792902826657457,129174.40851236656
2014-06-18,0.006003864086056687,129949.95410447157
2014-06-19,0.002914212882834999,130328.65593484664
2014-06-20,0.0013479521658144034,130504.3327288817
2014-06-23,-0.0014497675294565804,130315.13178483797
2014-06-24,0.0010028366426990676,130445.81657408997
2014-06-25,0.0010104026952888479,130577.6193787456
2014-06-26,0.0006304029323713767,130659.93589290403
2014-06-27,0.0009015361637125796,130777.73055025985
2014-06-30,0.0003269436796788927,130820.487502706
2014-07-01,0.0010146780150737111,130953.22817529622
2014-07-02,-0.001546880335981271,130750.65920169858
2014-07-03,-0.00038875530722337626,130699.82918901097
2014-07-07,-2.522168088425758e-05,130696.53271962753
2014-07-08,0.00024310329093180094,130728.30547684505
2014-07-09,0.0020395431436535105,130994.9314959618
2014-07-10,-0.000510197570427251,130928.09820017428
2014-07-11,0.0012763454463238233,131095.20768210792
2014-07-14,-0.0007380512128898342,130998.4527050741
2014-07-15,-0.002057924962007962,130728.86771926792
2014-07-16,0.0033359024867516407,131164.96647418285
2014-07-17,-0.000619484316664809,131083.71183455622
2014-07-18,0.0028204018742881143,131453.42058110304
2014-07-21,0.00017884496902076386,131476.93036403455
2014-07-22,0.002203002938057086,131766.57442791323
2014-07-23,0.0008267363944767236,131875.51065056832
2014-07-24,-0.002317798452438735,131569.84979606787
2014-07-25,0.0014769867505874945,131764.17672099345
2014-07-28,0.0008780357384012838,131879.8703771955
2014-07-29,-0.001532901065008696,131677.7115834411
2014-07-30,-0.0040527404890483565,131144.05599020165
2014-07-31,-0.009583030600707088,129887.2984885467
2014-08-01,0.00165072271562261,130101.7064026326
2014-08-04,0.002804353744487509,130466.55761014702
2014-08-05,-0.004642000859346518,129860.93173760474
2014-08-06,0.0008106889590526745,129966.2085611767
2014-08-07,0.0008241223626475058,130073.31662004048
2014-08-08,0.0027814437566981987,130435.10823446632
2014-08-11,0.002505947298623301,130761.97174159212
2014-08-12,-0.0015236672046714528,130562.73401363129
2014-08-13,0.005287814988577555,131253.12559549822
2014-08-14,0.0019866462845323785,131513.87912979577
2014-08-15,0.0010093566001212473,131646.62353170296
2014-08-18,0.0013319565761635843,131821.97111764573
2014-08-19,0.0011478004156018073,131973.27643088
2014-08-20,-0.0002015231263715611,131946.68076361617
2014-08-21,0.00039486926683496293,131998.7824527106
2014-08-22,-0.0007404099255509111,131901.049244022
2014-08-25,0.0022192502542119907,132193.77068108763
2014-08-26,0.0011224670627532074,132342.1538345783
2014-08-27,0.0020240399478594906,132610.01964072525
2014-08-28,0.00026610704638141414,132645.30810137241
2014-08-29,0.001215662277574081,132806.55999872845
2014-09-02,-0.005492314201074544,132077.14464325158
2014-09-03,0.0035046152175002288,132540.0242142523
2014-09-04,-0.003941722269460435,132017.58824921216
2014-09-05,0.0029798297467480417,132410.9781857711
2014-09-08,-0.0035652282934809376,131938.9028199757
2014-09-09,-0.004001586922017797,131410.9378319459
2014-09-10,-0.003275203480699096,130980.54027095677
2014-09-11,-0.0022213963929185176,130689.58057125635
2014-09-12,-0.009318457454019269,129471.75527501947
2014-09-15,-0.0006693917031973529,129385.08795623998
2014-09-16,0.0036302013684528234,129854.7818795961
2014-09-17,-0.0029410557560953787,129472.8717258926
2014-09-18,0.0003977214673536178,129524.36586641791
2014-09-19,0.0011611131057727153,129674.75830514231
2014-09-22,-0.0038668269254049648,129173.3284581826
2014-09-23,-0.0011356057671648712,129026.6384814216
2014-09-24,0.001182474644020326,129179.20920982906
2014-09-25,-0.003295274849470786,128753.52821064538
2014-09-26,0.0029354014471125733,129131.47150367577
2014-09-29,-0.0015122413667209011,128936.19355072237
2014-09-30,-0.0027502420896712287,128581.58780433718
2014-10-01,-0.00018947153689363727,128557.22525327967
2014-10-02,-0.0025408673854903085,128230.57839246448
2014-10-03,0.0026770850094364196,128573.86255163031
2014-10-06,0.002885756307942744,128944.89538652524
2014-10-07,-0.002557395696539122,128615.13226597305
2014-10-08,0.009103789628366998,129786.01737314707
2014-10-09,-0.007576563073212417,128802.68542649838
2014-10-10,-0.0024519574823094192,128486.86671822534
2014-10-13,0.0006401357343570613,128569.11575300724
2014-10-14,0.004106426895645443,129097.07542788475
2014-10-15,-0.002147002456706404,128819.90368978746
2014-10-16,-0.0022187297414648643,128534.08713817829
2014-10-17,0.0031915308632539663,128944.30764425996
2014-10-20,0.004975982053458061,129585.93220499335
2014-10-21,0.004639329375080381,130187.12402686915
2014-10-22,-0.002788078561256402,129824.1520974182
2014-10-23,0.001375521309542549,130002.7279851215
2014-10-24,0.0016977269005546969,130223.43711356734
2014-10-27,-0.00034999247188560734,130177.85989091452
2014-10-28,0.0037464784100287307,130665.56843245956
2014-10-29,-0.002172177731511016,130381.73959443535
2014-10-30,0.002249030495759863,130674.97210287345
2014-10-31,0.0031241011196456725,131083.2139295297
2014-11-03,-0.0008157751805812907,130976.27949701517
2014-11-04,-0.0008118179405491865,130869.95060353311
2014-11-05,-0.0018689919375058928,130625.35572099332
2014-11-06,-0.0027807955347182167,130262.1133150834
2014-11-07,0.00561460922201662,130993.48417778165
2014-11-10,-0.0022239482513513043,130702.16144770605
2014-11-11,0.0013068244471003965,130872.96622757477
2014-11-12,-0.0025141638308343595,130543.9301494514
2014-11-13,0.0008199524886516318,130650.96996985581
2014-11-14,0.0031689704284441067,131064.99903013783
2014-11-17,-0.0012970126304823193,130895.00607098159
2014-11-18,0.0035720027754142514,131362.563395955
2014-11-19,-0.004612592567555418,130756.64141237977
2014-11-20,0.0025097459202034766,131084.807359704
2014-11-21,0.0077969982442027685,132106.87537252926
2014-11-24,0.000359621171843294,132154.38380185928
2014-11-25,0.0014504227357359234,132346.06352475268
2014-11-26,0.0034386991091810426,132801.16181549887
2014-11-28,-0.004029857328904485,132265.99208026964
2014-12-01,-0.00017150728753922984,132243.30749873427
2014-12-02,-0.0017928693292638131,132006.2125287194
2014-12-03,0.0021556453134394804,132290.77110210183
2014-12-04,0.0008866867554175872,132408.07157670206
2014-12-05,-0.0029101785728992136,132022.74044392063
2014-12-08,0.000818498981528748,132130.8009225126
2014-12-09,0.00233380022679075,132439.1678156716
2014-12-10,-0.004325854998247003,131866.2551796125
2014-12-11,0.00021305385362957452,131894.3497934422
2014-12-12,-0.004221241823287536,131337.5918478388
2014-12-15,-0.008382484121906342,130236.65656956488
2014-12-16,0.0010263336354661146,130370.32283077287
2014-12-17,0.007151232898645832,131302.63137240737
2014-12-18,0.004877282456314358,131943.0313928679
2014-12-19,0.003729923527548751,132435.16880995626
2014-12-22,0.002644432398066776,132785.38466100075
2014-12-23,-0.004647497141631485,132168.2649653383
2014-12-24,0.0006305231494798669,132251.60011602554
2014-12-26,0.0041562656364178,132801.27289694906
2014-12-29,0.00040089393073095003,132854.51212124678
2014-12-30,0.00010465064320031026,132868.41543139232
2014-12-31,-0.00506278197931187,132195.73161212655
2015-01-02,0.00390693614699078,132712.21189443985
2015-01-05,-0.0006517813917691351,132625.71254426654
2015-01-06,0.0034887312730078612,133088.40801522468
2015-01-07,0.005750601674584965,133853.74643722488
2015-01-08,0.0027319169582393776,134219.4237570406
2015-01-09,0.0012684949235386433,134389.6804147167
2015-01-12,0.0010112721080606235,134525.5849501313
2015-01-13,0.00045119491621292696,134586.2822101614
2015-01-14,0.0015186922006358294,134790.67734726652
2015-01-15,0.005703244073040015,135559.42147894838
2015-01-16,0.003601555949414692,136047.64631987512
2015-01-20,0.0028464876746954193,136434.90426829597
2015-01-21,0.0006795997382598173,136527.6253935262
2015-01-22,0.007462703471470045,137546.49057750203
2015-01-23,0.0007838822211889696,137654.31082605268
2015-01-26,0.0007906085552606967,137763.14150186026
2015-01-27,-0.001088721476842136,137613.15581098993
2015-01-28,-0.0015818820593466176,137395.46802868246
2015-01-29,-0.0008932340147415063,137272.7417231679
2015-01-30,-0.0008234569926762747,137159.70352409213
2015-02-02,0.002370469319542323,137484.8363931735
2015-02-03,-0.00016350695135125548,137462.35666671782
2015-02-04,-0.001328925162630945,137279.67948202888
2015-02-05,0.0023669467437301694,137604.61317235918
2015-02-06,-0.013099132992083984,135802.11204409017
2015-02-09,-0.0016559873270606262,135577.2254675571
2015-02-10,-1.6756790946037547e-05,135574.95362833288
2015-02-11,-0.002105750210385615,135289.466641207
2015-02-12,0.0056670397849238885,136056.15743114386
2015-02-13,-0.0003315242444643651,136011.05151634678
2015-02-17,-0.004990777445567529,135332.25062809107
2015-02-18,0.003453335904255894,135799.59834818883
2015-02-19,-0.004659955593894094,135166.7782502176
2015-02-20,0.0032877420488419684,135611.17175067734
2015-02-23,0.0025511397648838585,135957.13480349298
2015-02-24,0.0020696656815766268,136238.52061956126
2015-02-25,0.001223436800976474,136405.19983939783
2015-02-26,-0.00406084665534745,135851.279239858
2015-02-27,0.0027809910242864166,136229.0804280619
2015-03-02,-0.003183307941813762,135795.42131442926
2015-03-03,-0.0027341668743332548,135424.13397178522
2015-03-04,-0.0031883044678538974,134992.36060038774
2015-03-05,0.0008945467963139553,135113.11758408966
2015-03-06,-0.015962238821973118,132956.4097332311
2015-03-09,0.003681671737938652,133445.91158932372
2015-03-10,-0.0034954924405917742,132979.45241413536
2015-03-11,0.00290165003526055,133365.31224692176
2015-03-12,0.004928334269035828,134022.58108556893
2015-03-13,-0.0027703787005818326,133651.28778153248
2015-03-16,0.006106230139626412,134467.39330318396
2015-03-17,0.0010282827759615643,134605.66380764608
2015-03-18,0.014237669961485455,136522.134823886
2015-03-19,-0.004004703352888606,135975.4041728133
2015-03-20,0.009478913759616736,137264.3033023964
2015-03-23,0.000430535111345387,137323.40040450246
2015-03-24,0.00013020212950887178,137341.28020366654
2015-03-25,-0.00805579498289033,136234.8870076581
2015-03-26,-0.0046705470631447366,135598.59555624664
2015-03-27,0.002599021621391806,135951.01923792769
2015-03-30,0.004475854192594664,136559.5161773713
2015-03-31,-0.0034454470387310643,136089.00759674743
2015-04-01,0.005518191593152144,136839.97281438822
2015-04-02,0.00047583995824473924,136905.08674133843
2015-04-06,0.004622254998374986,137537.89696283155
2015-04-07,-0.0011550581913529756,137379.03268832318
2015-04-08,0.0016360744365706559,137603.79501182534
2015-04-09,-0.003899060249105357,137067.2695245687
2015-04-10,0.0027085340423704807,137438.52089017077
2015-04-13,-0.0022924835054853876,137123.44534801174
2015-04-14,0.002176558639010562,137421.90256759484
2015-04-15,0.0015077842630382143,137629.10514968302
2015-04-16,-0.00011383886557969625,137613.43760848203
2015-04-17,-0.0025132739003672633,137267.5773474008
2015-04-20,-0.0005072811560473678,137197.94409207618
2015-04-21,0.0008663095715439884,137316.7999842393
2015-04-22,-0.00250084441951659,136973.39203129284
2015-04-23,0.0032100691537177983,137413.08609193258
2015-04-24,0.0012016071271860884,137578.20263554927
2015-04-27,0.0012588341622916666,137751.39077701358
2015-04-28,-0.0022431573854195808,137442.3927274403
2015-04-29,-0.00921861093414389,136175.36478302823
2015-04-30,-0.0073658384628079165,135172.3190434225
2015-05-01,0.0010860761568065591,135319.12647619582
2015-05-04,0.00015951351280896198,135340.71170541027
2015-05-05,-0.00705180283460205,134386.315690969
2015-05-06,-0.005770585330131084,133610.82798907234
2015-05-07,0.003996720910199203,134144.8331791253
2015-05-08,0.008954233801207412,135345.99737863516
2015-05-11,-0.009758820536771795,134025.18007984667
2015-05-12,0.0005274775703516532,134095.87535620114
2015-05-13,-0.0007406065474351298,133996.5630729283
2015-05-14,0.007473778950830123,134998.0237655063
2015-05-15,0.006416780797175781,135864.2764920615
2015-05-18,-0.004024981055926191,135317.42535300384
2015-05-19,-0.0038856857713668314,134791.62435869168
2015-05-20,0.0007243354883834652,134889.25871575152
2015-05-21,0.0027579177651202436,135261.2721986876
2015-05-22,-0.000737869556032722,135161.46702382193
2015-05-26,-0.0031889358795192946,134730.4457721012
2015-05-27,0.003509538478723373,135203.28745579394
2015-05-28,-0.002058778791440563,134924.9337950469
2015-05-29,-0.0033867678406070967,134467.9743683738
2015-06-01,-0.0007280064920961449,134370.0808100546
2015-06-02,-0.004349907353127014,133785.5834074987
2015-06-03,-0.006743572270967335,132883.3906569767
2015-06-04,-0.001737166103375376,132652.5501350258
2015-06-05,-0.00565692865969436,131902.14412238545
2015-06-08,-0.0020220715845297166,131635.42854481703
2015-06-09,-0.0032297887468638597,131210.27391901438
2015-06-10,0.004285768612088292,131772.61079256
2015-06-11,0.00510250773012122,132444.9815577473
2015-06-12,-0.0025955961001876693,132101.20788012657
2015-06-15,-0.0021130408739838957,131822.07262837322
2015-06-16,0.0034475844361745445,132276.54035431106
2015-06-17,0.0005058555335242243,132343.45317420474
2015-06-18,0.004904598647336167,132992.54469562674
2015-06-19,-4.7525353364941125e-05,132986.22417794517
2015-06-22,-0.003151890641289512,132567.06614253827
2015-06-23,-0.0006062481571523781,132486.69760299026
2015-06-24,-0.0020557017604552197,132214.3444654909
2015-06-25,-0.003214751548465955,131789.30819689104
2015-06-26,-0.0018083641278512363,131550.98513951345
2015-06-29,-0.004371304510810026,130975.93572477158
2015-06-30,0.0003259723475914633,131018.63025801777
